product,regime,comparison,metric,n_pairs,mean_diff,ci95,t_stat,frac_other_cheaper
BTC-USD,calm_deep,hybrid - aggressive,is_bps,120,-9.93207,0.0891189,-218.437,1
BTC-USD,calm_deep,hybrid|prints-only - aggressive,is_bps,120,-4.6227,0.860373,-10.5309,0.85
BTC-USD,calm_deep,passive - aggressive,is_bps,120,-9.93207,0.0891189,-218.437,1
BTC-USD,calm_deep,passive|prints-only - aggressive,is_bps,120,-12.979,0.736751,-34.5283,1
BTC-USD,calm_thin,hybrid - aggressive,is_bps,120,-4.49332,0.929166,-9.47829,0.825
BTC-USD,calm_thin,hybrid|prints-only - aggressive,is_bps,120,-4.49332,0.929166,-9.47829,0.825
BTC-USD,calm_thin,passive - aggressive,is_bps,120,-17.0142,0.733448,-45.4671,1
BTC-USD,calm_thin,passive|prints-only - aggressive,is_bps,120,-17.0142,0.733448,-45.4671,1
BTC-USD,volatile_deep,hybrid - aggressive,is_bps,120,-9.47544,0.417376,-44.4967,0.991667
BTC-USD,volatile_deep,hybrid|prints-only - aggressive,is_bps,120,-6.83517,2.19827,-6.0943,0.741667
BTC-USD,volatile_deep,passive - aggressive,is_bps,120,-9.47544,0.417376,-44.4967,0.991667
BTC-USD,volatile_deep,passive|prints-only - aggressive,is_bps,120,-9.07257,2.0842,-8.5319,0.85
BTC-USD,volatile_thin,hybrid - aggressive,is_bps,120,-10.4729,1.96593,-10.4413,0.825
BTC-USD,volatile_thin,hybrid|prints-only - aggressive,is_bps,120,-8.93598,2.22057,-7.88741,0.775
BTC-USD,volatile_thin,passive - aggressive,is_bps,120,-13.2195,1.84674,-14.0303,0.908333
BTC-USD,volatile_thin,passive|prints-only - aggressive,is_bps,120,-15.4159,2.23352,-13.5281,0.883333
ETH-USD,calm_deep,hybrid - aggressive,is_bps,120,-9.94564,0.175024,-111.376,1
ETH-USD,calm_deep,hybrid|prints-only - aggressive,is_bps,120,-2.18549,0.912824,-4.69264,0.633333
ETH-USD,calm_deep,passive - aggressive,is_bps,120,-9.94564,0.175024,-111.376,1
ETH-USD,calm_deep,passive|prints-only - aggressive,is_bps,120,-15.814,0.936689,-33.0903,1
ETH-USD,calm_thin,hybrid - aggressive,is_bps,120,-3.09272,0.850602,-7.1264,0.75
ETH-USD,calm_thin,hybrid|prints-only - aggressive,is_bps,120,-3.09272,0.850602,-7.1264,0.75
ETH-USD,calm_thin,passive - aggressive,is_bps,120,-19.2101,0.751001,-50.1354,1
ETH-USD,calm_thin,passive|prints-only - aggressive,is_bps,120,-19.2101,0.751001,-50.1354,1
ETH-USD,volatile_deep,hybrid - aggressive,is_bps,120,-9.30588,0.502613,-36.2894,0.983333
ETH-USD,volatile_deep,hybrid|prints-only - aggressive,is_bps,120,-4.43433,3.31914,-2.61854,0.616667
ETH-USD,volatile_deep,passive - aggressive,is_bps,120,-9.30588,0.502613,-36.2894,0.983333
ETH-USD,volatile_deep,passive|prints-only - aggressive,is_bps,120,-11.5786,3.38334,-6.70756,0.791667
ETH-USD,volatile_thin,hybrid - aggressive,is_bps,120,-7.74197,2.90675,-5.22036,0.75
ETH-USD,volatile_thin,hybrid|prints-only - aggressive,is_bps,120,-5.40748,3.05733,-3.46663,0.625
ETH-USD,volatile_thin,passive - aggressive,is_bps,120,-16.1599,2.69341,-11.7595,0.875
ETH-USD,volatile_thin,passive|prints-only - aggressive,is_bps,120,-19.7646,3.34193,-11.5917,0.85
BTC-USD,calm_deep,hybrid - aggressive,is_completed_bps,120,-9.93207,0.0891189,-218.437,1
BTC-USD,calm_deep,hybrid|prints-only - aggressive,is_completed_bps,120,-4.6227,0.860373,-10.5309,0.85
BTC-USD,calm_deep,passive - aggressive,is_completed_bps,120,-9.93207,0.0891189,-218.437,1
BTC-USD,calm_deep,passive|prints-only - aggressive,is_completed_bps,120,-5.78937,0.815041,-13.9222,0.883333
BTC-USD,calm_thin,hybrid - aggressive,is_completed_bps,120,-4.49332,0.929166,-9.47829,0.825
BTC-USD,calm_thin,hybrid|prints-only - aggressive,is_completed_bps,120,-4.49332,0.929166,-9.47829,0.825
BTC-USD,calm_thin,passive - aggressive,is_completed_bps,120,-6.06537,1.00769,-11.7974,0.866667
BTC-USD,calm_thin,passive|prints-only - aggressive,is_completed_bps,120,-6.06537,1.00769,-11.7974,0.866667
BTC-USD,volatile_deep,hybrid - aggressive,is_completed_bps,120,-9.47544,0.417376,-44.4967,0.991667
BTC-USD,volatile_deep,hybrid|prints-only - aggressive,is_completed_bps,120,-6.83517,2.19827,-6.0943,0.741667
BTC-USD,volatile_deep,passive - aggressive,is_completed_bps,120,-9.47544,0.417376,-44.4967,0.991667
BTC-USD,volatile_deep,passive|prints-only - aggressive,is_completed_bps,120,-8.02997,2.1059,-7.47363,0.783333
BTC-USD,volatile_thin,hybrid - aggressive,is_completed_bps,120,-10.4729,1.96593,-10.4413,0.825
BTC-USD,volatile_thin,hybrid|prints-only - aggressive,is_completed_bps,120,-8.93598,2.22057,-7.88741,0.775
BTC-USD,volatile_thin,passive - aggressive,is_completed_bps,120,-11.7382,2.03271,-11.3183,0.875
BTC-USD,volatile_thin,passive|prints-only - aggressive,is_completed_bps,120,-10.7632,2.37609,-8.87842,0.825
ETH-USD,calm_deep,hybrid - aggressive,is_completed_bps,120,-9.94564,0.175024,-111.376,1
ETH-USD,calm_deep,hybrid|prints-only - aggressive,is_completed_bps,120,-2.18549,0.912824,-4.69264,0.633333
ETH-USD,calm_deep,passive - aggressive,is_completed_bps,120,-9.94564,0.175024,-111.376,1
ETH-USD,calm_deep,passive|prints-only - aggressive,is_completed_bps,120,-2.9936,1.07189,-5.47395,0.7
ETH-USD,calm_thin,hybrid - aggressive,is_completed_bps,120,-3.09272,0.850602,-7.1264,0.75
ETH-USD,calm_thin,hybrid|prints-only - aggressive,is_completed_bps,120,-3.09272,0.850602,-7.1264,0.75
ETH-USD,calm_thin,passive - aggressive,is_completed_bps,120,-4.0833,0.987037,-8.10837,0.783333
ETH-USD,calm_thin,passive|prints-only - aggressive,is_completed_bps,120,-4.0833,0.987037,-8.10837,0.783333
ETH-USD,volatile_deep,hybrid - aggressive,is_completed_bps,120,-9.30588,0.502613,-36.2894,0.983333
ETH-USD,volatile_deep,hybrid|prints-only - aggressive,is_completed_bps,120,-4.43433,3.31914,-2.61854,0.616667
ETH-USD,volatile_deep,passive - aggressive,is_completed_bps,120,-9.30588,0.502613,-36.2894,0.983333
ETH-USD,volatile_deep,passive|prints-only - aggressive,is_completed_bps,120,-6.13794,3.46867,-3.46829,0.675
ETH-USD,volatile_thin,hybrid - aggressive,is_completed_bps,120,-7.74197,2.90675,-5.22036,0.75
ETH-USD,volatile_thin,hybrid|prints-only - aggressive,is_completed_bps,120,-5.40748,3.05733,-3.46663,0.625
ETH-USD,volatile_thin,passive - aggressive,is_completed_bps,120,-10.5708,3.00741,-6.88923,0.791667
ETH-USD,volatile_thin,passive|prints-only - aggressive,is_completed_bps,120,-7.67279,3.42578,-4.38986,0.675
BTC-USD,calm_deep,hybrid - aggressive,adverse_sel_bps_5s_all,120,0.0516519,0.119662,0.846031,0.566667
BTC-USD,calm_deep,hybrid|prints-only - aggressive,adverse_sel_bps_5s_all,120,0.0506841,0.251795,0.39453,0.475
BTC-USD,calm_deep,passive - aggressive,adverse_sel_bps_5s_all,120,0.0516519,0.119662,0.846031,0.566667
BTC-USD,calm_deep,passive|prints-only - aggressive,adverse_sel_bps_5s_all,120,0.131982,0.247487,1.04524,0.425
BTC-USD,calm_thin,hybrid - aggressive,adverse_sel_bps_5s_all,120,-1.15455,0.262393,-8.62419,0.783333
BTC-USD,calm_thin,hybrid|prints-only - aggressive,adverse_sel_bps_5s_all,120,-1.15455,0.262393,-8.62419,0.783333
BTC-USD,calm_thin,passive - aggressive,adverse_sel_bps_5s_all,120,-3.04121,0.211341,-28.2045,0.991667
BTC-USD,calm_thin,passive|prints-only - aggressive,adverse_sel_bps_5s_all,120,-3.04121,0.211341,-28.2045,0.991667
BTC-USD,volatile_deep,hybrid - aggressive,adverse_sel_bps_5s_all,120,0.55297,0.458701,2.36281,0.491667
BTC-USD,volatile_deep,hybrid|prints-only - aggressive,adverse_sel_bps_5s_all,120,1.13472,1.23177,1.80558,0.45
BTC-USD,volatile_deep,passive - aggressive,adverse_sel_bps_5s_all,120,0.55297,0.458701,2.36281,0.491667
BTC-USD,volatile_deep,passive|prints-only - aggressive,adverse_sel_bps_5s_all,120,1.48592,1.2493,2.33123,0.45
BTC-USD,volatile_thin,hybrid - aggressive,adverse_sel_bps_5s_all,120,-2.25283,1.20115,-3.67609,0.666667
BTC-USD,volatile_thin,hybrid|prints-only - aggressive,adverse_sel_bps_5s_all,120,-3.2709,1.24297,-5.15777,0.675
BTC-USD,volatile_thin,passive - aggressive,adverse_sel_bps_5s_all,120,-2.67032,1.16596,-4.48886,0.691667
BTC-USD,volatile_thin,passive|prints-only - aggressive,adverse_sel_bps_5s_all,120,-4.37476,1.14681,-7.47686,0.766667
ETH-USD,calm_deep,hybrid - aggressive,adverse_sel_bps_5s_all,120,0.0640889,0.209106,0.600722,0.566667
ETH-USD,calm_deep,hybrid|prints-only - aggressive,adverse_sel_bps_5s_all,120,-0.0120977,0.345143,-0.0687007,0.525
ETH-USD,calm_deep,passive - aggressive,adverse_sel_bps_5s_all,120,0.0640889,0.209106,0.600722,0.566667
ETH-USD,calm_deep,passive|prints-only - aggressive,adverse_sel_bps_5s_all,120,-0.261115,0.34375,-1.48883,0.6
ETH-USD,calm_thin,hybrid - aggressive,adverse_sel_bps_5s_all,120,-1.20309,0.395557,-5.96137,0.7
ETH-USD,calm_thin,hybrid|prints-only - aggressive,adverse_sel_bps_5s_all,120,-1.20309,0.395557,-5.96137,0.7
ETH-USD,calm_thin,passive - aggressive,adverse_sel_bps_5s_all,120,-4.19376,0.316047,-26.008,0.983333
ETH-USD,calm_thin,passive|prints-only - aggressive,adverse_sel_bps_5s_all,120,-4.19376,0.316047,-26.008,0.983333
ETH-USD,volatile_deep,hybrid - aggressive,adverse_sel_bps_5s_all,120,0.900951,0.862116,2.04829,0.558333
ETH-USD,volatile_deep,hybrid|prints-only - aggressive,adverse_sel_bps_5s_all,120,0.394151,1.51995,0.508265,0.491667
ETH-USD,volatile_deep,passive - aggressive,adverse_sel_bps_5s_all,120,0.900951,0.862116,2.04829,0.558333
ETH-USD,volatile_deep,passive|prints-only - aggressive,adverse_sel_bps_5s_all,120,0.988254,1.47442,1.31373,0.483333
ETH-USD,volatile_thin,hybrid - aggressive,adverse_sel_bps_5s_all,120,-2.60455,1.51533,-3.36885,0.641667
ETH-USD,volatile_thin,hybrid|prints-only - aggressive,adverse_sel_bps_5s_all,120,-2.32156,1.618,-2.81227,0.625
ETH-USD,volatile_thin,passive - aggressive,adverse_sel_bps_5s_all,120,-4.41507,1.37298,-6.30275,0.725
ETH-USD,volatile_thin,passive|prints-only - aggressive,adverse_sel_bps_5s_all,120,-6.41874,1.39761,-9.00162,0.791667
BTC-USD,calm_deep,hybrid - aggressive,fill_rate,120,-3.5955e-10,4.64899e-10,-1.51585,0.15
BTC-USD,calm_deep,hybrid|prints-only - aggressive,fill_rate,120,-1.0066e-09,8.05146e-10,-2.45041,0.3
BTC-USD,calm_deep,passive - aggressive,fill_rate,120,-3.5955e-10,4.64899e-10,-1.51585,0.15
BTC-USD,calm_deep,passive|prints-only - aggressive,fill_rate,120,-0.396481,0.0588245,-13.2105,0.833333
BTC-USD,calm_thin,hybrid - aggressive,fill_rate,120,-1.36619e-09,8.94978e-10,-2.99196,0.425
BTC-USD,calm_thin,hybrid|prints-only - aggressive,fill_rate,120,-1.36619e-09,8.94978e-10,-2.99196,0.425
BTC-USD,calm_thin,passive - aggressive,fill_rate,120,-0.556199,0.0503985,-21.6306,0.941667
BTC-USD,calm_thin,passive|prints-only - aggressive,fill_rate,120,-0.556199,0.0503985,-21.6306,0.941667
BTC-USD,volatile_deep,hybrid - aggressive,fill_rate,120,-1.43804e-10,5.28926e-10,-0.532883,0.125
BTC-USD,volatile_deep,hybrid|prints-only - aggressive,fill_rate,120,-1.36596e-09,7.48731e-10,-3.57576,0.275
BTC-USD,volatile_deep,passive - aggressive,fill_rate,120,-1.43804e-10,5.28926e-10,-0.532883,0.125
BTC-USD,volatile_deep,passive|prints-only - aggressive,fill_rate,120,-0.0572896,0.0233409,-4.81076,0.483333
BTC-USD,volatile_thin,hybrid - aggressive,fill_rate,120,-1.94142e-09,8.11935e-10,-4.68655,0.466667
BTC-USD,volatile_thin,hybrid|prints-only - aggressive,fill_rate,120,-1.58221e-09,7.74827e-10,-4.00235,0.416667
BTC-USD,volatile_thin,passive - aggressive,fill_rate,120,-0.073493,0.0268271,-5.36942,0.633333
BTC-USD,volatile_thin,passive|prints-only - aggressive,fill_rate,120,-0.22811,0.0451727,-9.89746,0.725
ETH-USD,calm_deep,hybrid - aggressive,fill_rate,120,-1.13271e-11,3.24024e-11,-0.685168,0.316667
ETH-USD,calm_deep,hybrid|prints-only - aggressive,fill_rate,120,5.21167e-11,3.41374e-11,2.99229,0.275
ETH-USD,calm_deep,passive - aggressive,fill_rate,120,-1.13271e-11,3.24024e-11,-0.685168,0.316667
ETH-USD,calm_deep,passive|prints-only - aggressive,fill_rate,120,-0.69909,0.0388802,-35.242,0.991667
ETH-USD,calm_thin,hybrid - aggressive,fill_rate,120,2.25893e-12,4.43704e-11,0.0997852,0.458333
ETH-USD,calm_thin,hybrid|prints-only - aggressive,fill_rate,120,2.25893e-12,4.43704e-11,0.0997852,0.458333
ETH-USD,calm_thin,passive - aggressive,fill_rate,120,-0.733183,0.0375981,-38.221,0.983333
ETH-USD,calm_thin,passive|prints-only - aggressive,fill_rate,120,-0.733183,0.0375981,-38.221,0.983333
ETH-USD,volatile_deep,hybrid - aggressive,fill_rate,120,-1.81201e-11,2.42202e-11,-1.46635,0.225
ETH-USD,volatile_deep,hybrid|prints-only - aggressive,fill_rate,120,-1.58601e-11,2.84271e-11,-1.09353,0.316667
ETH-USD,volatile_deep,passive - aggressive,fill_rate,120,-1.81201e-11,2.42202e-11,-1.46635,0.225
ETH-USD,volatile_deep,passive|prints-only - aggressive,fill_rate,120,-0.29651,0.045434,-12.7913,0.791667
ETH-USD,volatile_thin,hybrid - aggressive,fill_rate,120,-4.53717e-12,3.39655e-11,-0.26182,0.383333
ETH-USD,volatile_thin,hybrid|prints-only - aggressive,fill_rate,120,-6.81195e-12,3.53875e-11,-0.377292,0.366667
ETH-USD,volatile_thin,passive - aggressive,fill_rate,120,-0.260158,0.0437066,-11.6667,0.833333
ETH-USD,volatile_thin,passive|prints-only - aggressive,fill_rate,120,-0.547539,0.0428903,-25.0214,0.966667
