fee_schedule,product,regime,comparison,metric,n_pairs,mean_diff,ci95,t_stat,frac_other_cheaper
rebate(-1/5),BTC-USD,calm_deep,hybrid - aggressive,is_bps,120,-5.932,0.0891492,-130.419,1
rebate(-1/5),BTC-USD,calm_deep,hybrid|prints-only - aggressive,is_bps,120,-2.72543,0.693891,-7.69839,0.775
rebate(-1/5),BTC-USD,calm_deep,passive - aggressive,is_bps,120,-5.932,0.0891492,-130.419,1
rebate(-1/5),BTC-USD,calm_deep,passive|prints-only - aggressive,is_bps,120,-5.41079,0.564199,-18.7968,0.95
rebate(-1/5),BTC-USD,calm_thin,hybrid - aggressive,is_bps,120,-3.18468,0.805906,-7.74529,0.791667
rebate(-1/5),BTC-USD,calm_thin,hybrid|prints-only - aggressive,is_bps,120,-3.18468,0.805906,-7.74529,0.791667
rebate(-1/5),BTC-USD,calm_thin,passive - aggressive,is_bps,120,-8.00859,0.711138,-22.0728,0.975
rebate(-1/5),BTC-USD,calm_thin,passive|prints-only - aggressive,is_bps,120,-8.00859,0.711138,-22.0728,0.975
rebate(-1/5),BTC-USD,live_calm_deep,hybrid - aggressive,is_bps,8,-5.57105,1.14044,-9.5746,1
rebate(-1/5),BTC-USD,live_calm_deep,passive - aggressive,is_bps,8,-5.90371,0.836484,-13.8332,1
rebate(-1/5),BTC-USD,live_calm_thin,hybrid - aggressive,is_bps,22,-5.2347,1.44468,-7.10194,0.909091
rebate(-1/5),BTC-USD,live_calm_thin,passive - aggressive,is_bps,22,-5.82471,0.828419,-13.781,0.954545
rebate(-1/5),BTC-USD,live_volatile_deep,hybrid - aggressive,is_bps,22,-6.07136,0.543193,-21.9072,1
rebate(-1/5),BTC-USD,live_volatile_deep,passive - aggressive,is_bps,22,-6.07136,0.543193,-21.9072,1
rebate(-1/5),BTC-USD,live_volatile_thin,hybrid - aggressive,is_bps,6,-6.27693,1.00831,-12.2014,1
rebate(-1/5),BTC-USD,live_volatile_thin,passive - aggressive,is_bps,6,-6.27693,1.00831,-12.2014,1
rebate(-1/5),BTC-USD,volatile_deep,hybrid - aggressive,is_bps,120,-5.47515,0.41763,-25.6957,0.983333
rebate(-1/5),BTC-USD,volatile_deep,hybrid|prints-only - aggressive,is_bps,120,-3.58273,2.15079,-3.26492,0.65
rebate(-1/5),BTC-USD,volatile_deep,passive - aggressive,is_bps,120,-5.47515,0.41763,-25.6957,0.983333
rebate(-1/5),BTC-USD,volatile_deep,passive|prints-only - aggressive,is_bps,120,-4.55799,2.08372,-4.28735,0.675
rebate(-1/5),BTC-USD,volatile_thin,hybrid - aggressive,is_bps,120,-7.30838,1.90121,-7.53439,0.733333
rebate(-1/5),BTC-USD,volatile_thin,hybrid|prints-only - aggressive,is_bps,120,-6.51255,2.14579,-5.94867,0.7
rebate(-1/5),BTC-USD,volatile_thin,passive - aggressive,is_bps,120,-8.55961,1.91278,-8.77092,0.791667
rebate(-1/5),BTC-USD,volatile_thin,passive|prints-only - aggressive,is_bps,120,-9.36464,2.254,-8.14317,0.8
rebate(-1/5),ETH-USD,calm_deep,hybrid - aggressive,is_bps,120,-5.94559,0.175008,-66.5874,1
rebate(-1/5),ETH-USD,calm_deep,hybrid|prints-only - aggressive,is_bps,120,-1.31199,0.834471,-3.08159,0.575
rebate(-1/5),ETH-USD,calm_deep,passive - aggressive,is_bps,120,-5.94559,0.175008,-66.5874,1
rebate(-1/5),ETH-USD,calm_deep,passive|prints-only - aggressive,is_bps,120,-5.52223,0.938321,-11.535,0.883333
rebate(-1/5),ETH-USD,calm_thin,hybrid - aggressive,is_bps,120,-2.31774,0.774734,-5.86365,0.708333
rebate(-1/5),ETH-USD,calm_thin,hybrid|prints-only - aggressive,is_bps,120,-2.31774,0.774734,-5.86365,0.708333
rebate(-1/5),ETH-USD,calm_thin,passive - aggressive,is_bps,120,-8.61149,0.770264,-21.9126,0.958333
rebate(-1/5),ETH-USD,calm_thin,passive|prints-only - aggressive,is_bps,120,-8.61149,0.770264,-21.9126,0.958333
rebate(-1/5),ETH-USD,live_calm_deep,hybrid - aggressive,is_bps,16,-5.72307,1.93612,-5.79367,0.875
rebate(-1/5),ETH-USD,live_calm_deep,passive - aggressive,is_bps,16,-6.10421,1.55677,-7.68531,0.9375
rebate(-1/5),ETH-USD,live_calm_thin,hybrid - aggressive,is_bps,14,-6.43983,0.660865,-19.0993,1
rebate(-1/5),ETH-USD,live_calm_thin,passive - aggressive,is_bps,14,-6.43983,0.660865,-19.0993,1
rebate(-1/5),ETH-USD,live_volatile_deep,hybrid - aggressive,is_bps,14,-5.91779,1.60272,-7.237,0.928571
rebate(-1/5),ETH-USD,live_volatile_deep,passive - aggressive,is_bps,14,-6.34931,1.13407,-10.9735,1
rebate(-1/5),ETH-USD,live_volatile_thin,hybrid - aggressive,is_bps,14,-6.38585,0.836255,-14.9671,1
rebate(-1/5),ETH-USD,live_volatile_thin,passive - aggressive,is_bps,14,-6.38585,0.836255,-14.9671,1
rebate(-1/5),ETH-USD,volatile_deep,hybrid - aggressive,is_bps,120,-5.30582,0.502744,-20.6853,0.95
rebate(-1/5),ETH-USD,volatile_deep,hybrid|prints-only - aggressive,is_bps,120,-2.40334,3.26399,-1.44319,0.566667
rebate(-1/5),ETH-USD,volatile_deep,passive - aggressive,is_bps,120,-5.30582,0.502744,-20.6853,0.95
rebate(-1/5),ETH-USD,volatile_deep,passive|prints-only - aggressive,is_bps,120,-4.90757,3.40014,-2.82895,0.633333
rebate(-1/5),ETH-USD,volatile_thin,hybrid - aggressive,is_bps,120,-5.62895,2.82421,-3.90649,0.675
rebate(-1/5),ETH-USD,volatile_thin,hybrid|prints-only - aggressive,is_bps,120,-4.12854,3.02583,-2.67429,0.608333
rebate(-1/5),ETH-USD,volatile_thin,passive - aggressive,is_bps,120,-9.81509,2.79066,-6.89355,0.766667
rebate(-1/5),ETH-USD,volatile_thin,passive|prints-only - aggressive,is_bps,120,-10.8346,3.34784,-6.34315,0.716667
retail(40/60),BTC-USD,calm_deep,hybrid - aggressive,is_bps,120,-19.9323,0.0890104,-438.908,1
retail(40/60),BTC-USD,calm_deep,hybrid|prints-only - aggressive,is_bps,120,-9.36549,1.37145,-13.3847,0.891667
retail(40/60),BTC-USD,calm_deep,passive - aggressive,is_bps,120,-19.9323,0.0890104,-438.908,1
retail(40/60),BTC-USD,calm_deep,passive|prints-only - aggressive,is_bps,120,-35.6658,2.42516,-28.825,1
retail(40/60),BTC-USD,calm_thin,hybrid - aggressive,is_bps,120,-7.76445,1.30608,-11.6519,0.875
retail(40/60),BTC-USD,calm_thin,hybrid|prints-only - aggressive,is_bps,120,-7.76445,1.30608,-11.6519,0.875
retail(40/60),BTC-USD,calm_thin,passive - aggressive,is_bps,120,-44.8118,1.99607,-44.0019,1
retail(40/60),BTC-USD,calm_thin,passive|prints-only - aggressive,is_bps,120,-44.8118,1.99607,-44.0019,1
retail(40/60),BTC-USD,live_calm_deep,hybrid - aggressive,is_bps,8,-18.6988,2.62899,-13.9406,1
retail(40/60),BTC-USD,live_calm_deep,passive - aggressive,is_bps,8,-22.4592,4.94236,-8.90667,1
retail(40/60),BTC-USD,live_calm_thin,hybrid - aggressive,is_bps,22,-17.9711,3.07933,-11.4386,0.909091
retail(40/60),BTC-USD,live_calm_thin,passive - aggressive,is_bps,22,-19.8241,0.826948,-46.9863,1
retail(40/60),BTC-USD,live_volatile_deep,hybrid - aggressive,is_bps,22,-20.0707,0.542735,-72.4823,1
retail(40/60),BTC-USD,live_volatile_deep,passive - aggressive,is_bps,22,-20.0707,0.542735,-72.4823,1
retail(40/60),BTC-USD,live_volatile_thin,hybrid - aggressive,is_bps,6,-20.2733,1.00768,-39.4326,1
retail(40/60),BTC-USD,live_volatile_thin,passive - aggressive,is_bps,6,-20.2733,1.00768,-39.4326,1
retail(40/60),BTC-USD,volatile_deep,hybrid - aggressive,is_bps,120,-19.4765,0.416474,-91.6597,1
retail(40/60),BTC-USD,volatile_deep,hybrid|prints-only - aggressive,is_bps,120,-14.9655,2.3652,-12.4017,0.875
retail(40/60),BTC-USD,volatile_deep,passive - aggressive,is_bps,120,-19.4765,0.416474,-91.6597,1
retail(40/60),BTC-USD,volatile_deep,passive|prints-only - aggressive,is_bps,120,-20.9022,2.25088,-18.201,0.966667
retail(40/60),BTC-USD,volatile_thin,hybrid - aggressive,is_bps,120,-18.3823,2.18414,-16.4958,0.908333
retail(40/60),BTC-USD,volatile_thin,hybrid|prints-only - aggressive,is_bps,120,-14.992,2.4811,-11.8432,0.833333
retail(40/60),BTC-USD,volatile_thin,passive - aggressive,is_bps,120,-25.5658,1.86324,-26.8935,1
retail(40/60),BTC-USD,volatile_thin,passive|prints-only - aggressive,is_bps,120,-32.7094,2.70894,-23.6663,1
retail(40/60),ETH-USD,calm_deep,hybrid - aggressive,is_bps,120,-19.9458,0.175079,-223.292,1
retail(40/60),ETH-USD,calm_deep,hybrid|prints-only - aggressive,is_bps,120,-4.36862,1.17059,-7.31472,0.741667
retail(40/60),ETH-USD,calm_deep,passive - aggressive,is_bps,120,-19.9458,0.175079,-223.292,1
retail(40/60),ETH-USD,calm_deep,passive|prints-only - aggressive,is_bps,120,-48.1846,1.68817,-55.9433,1
retail(40/60),ETH-USD,calm_thin,hybrid - aggressive,is_bps,120,-5.0301,1.08227,-9.10954,0.808333
retail(40/60),ETH-USD,calm_thin,hybrid|prints-only - aggressive,is_bps,120,-5.0301,1.08227,-9.10954,0.808333
retail(40/60),ETH-USD,calm_thin,passive - aggressive,is_bps,120,-52.6717,1.52185,-67.8361,1
retail(40/60),ETH-USD,calm_thin,passive|prints-only - aggressive,is_bps,120,-52.6717,1.52185,-67.8361,1
retail(40/60),ETH-USD,live_calm_deep,hybrid - aggressive,is_bps,16,-18.8591,2.99562,-12.3393,1
retail(40/60),ETH-USD,live_calm_deep,passive - aggressive,is_bps,16,-20.1057,1.55223,-25.3875,1
retail(40/60),ETH-USD,live_calm_thin,hybrid - aggressive,is_bps,14,-20.4394,0.660861,-60.6196,1
retail(40/60),ETH-USD,live_calm_thin,passive - aggressive,is_bps,14,-20.4394,0.660861,-60.6196,1
retail(40/60),ETH-USD,live_volatile_deep,hybrid - aggressive,is_bps,14,-19.1198,2.95538,-12.6802,1
retail(40/60),ETH-USD,live_volatile_deep,passive - aggressive,is_bps,14,-20.3522,1.13243,-35.2253,1
retail(40/60),ETH-USD,live_volatile_thin,hybrid - aggressive,is_bps,14,-20.3846,0.836931,-47.7386,1
retail(40/60),ETH-USD,live_volatile_thin,passive - aggressive,is_bps,14,-20.3846,0.836931,-47.7386,1
retail(40/60),ETH-USD,volatile_deep,hybrid - aggressive,is_bps,120,-19.3061,0.50215,-75.3559,1
retail(40/60),ETH-USD,volatile_deep,hybrid|prints-only - aggressive,is_bps,120,-9.5156,3.50149,-5.32647,0.708333
retail(40/60),ETH-USD,volatile_deep,passive - aggressive,is_bps,120,-19.3061,0.50215,-75.3559,1
retail(40/60),ETH-USD,volatile_deep,passive|prints-only - aggressive,is_bps,120,-31.0754,3.70785,-16.4267,0.933333
retail(40/60),ETH-USD,volatile_thin,hybrid - aggressive,is_bps,120,-13.031,3.15119,-8.10511,0.783333
retail(40/60),ETH-USD,volatile_thin,hybrid|prints-only - aggressive,is_bps,120,-8.61224,3.17371,-5.31869,0.708333
retail(40/60),ETH-USD,volatile_thin,passive - aggressive,is_bps,120,-34.4968,2.80395,-24.1138,0.983333
retail(40/60),ETH-USD,volatile_thin,passive|prints-only - aggressive,is_bps,120,-47.2936,3.66592,-25.2857,0.991667
tier_100k(10/20),BTC-USD,calm_deep,hybrid - aggressive,is_bps,120,-9.93209,0.0891119,-218.454,1
tier_100k(10/20),BTC-USD,calm_deep,hybrid|prints-only - aggressive,is_bps,120,-4.62262,0.860383,-10.5306,0.85
tier_100k(10/20),BTC-USD,calm_deep,passive - aggressive,is_bps,120,-9.93209,0.0891119,-218.454,1
tier_100k(10/20),BTC-USD,calm_deep,passive|prints-only - aggressive,is_bps,120,-13.7719,0.817815,-33.0061,1
tier_100k(10/20),BTC-USD,calm_thin,hybrid - aggressive,is_bps,120,-4.49322,0.929161,-9.47814,0.825
tier_100k(10/20),BTC-USD,calm_thin,hybrid|prints-only - aggressive,is_bps,120,-4.49322,0.929161,-9.47814,0.825
tier_100k(10/20),BTC-USD,calm_thin,passive - aggressive,is_bps,120,-18.1265,0.775232,-45.8288,1
tier_100k(10/20),BTC-USD,calm_thin,passive|prints-only - aggressive,is_bps,120,-18.1265,0.775232,-45.8288,1
tier_100k(10/20),BTC-USD,live_calm_deep,hybrid - aggressive,is_bps,8,-9.32182,1.51887,-12.0292,1
tier_100k(10/20),BTC-USD,live_calm_deep,passive - aggressive,is_bps,8,-10.5893,1.46344,-14.1824,1
tier_100k(10/20),BTC-USD,live_calm_thin,hybrid - aggressive,is_bps,22,-8.87367,1.89897,-9.15883,0.909091
tier_100k(10/20),BTC-USD,live_calm_thin,passive - aggressive,is_bps,22,-9.82455,0.828022,-23.2555,1
tier_100k(10/20),BTC-USD,live_volatile_deep,hybrid - aggressive,is_bps,22,-10.0712,0.543069,-36.3481,1
tier_100k(10/20),BTC-USD,live_volatile_deep,passive - aggressive,is_bps,22,-10.0712,0.543069,-36.3481,1
tier_100k(10/20),BTC-USD,live_volatile_thin,hybrid - aggressive,is_bps,6,-10.2759,1.00813,-19.9785,1
tier_100k(10/20),BTC-USD,live_volatile_thin,passive - aggressive,is_bps,6,-10.2759,1.00813,-19.9785,1
tier_100k(10/20),BTC-USD,volatile_deep,hybrid - aggressive,is_bps,120,-9.4755,0.417319,-44.5031,0.991667
tier_100k(10/20),BTC-USD,volatile_deep,hybrid|prints-only - aggressive,is_bps,120,-6.83501,2.1983,-6.09407,0.741667
tier_100k(10/20),BTC-USD,volatile_deep,passive - aggressive,is_bps,120,-9.4755,0.417319,-44.5031,0.991667
tier_100k(10/20),BTC-USD,volatile_deep,passive|prints-only - aggressive,is_bps,120,-9.18692,2.08719,-8.62709,0.858333
tier_100k(10/20),BTC-USD,volatile_thin,hybrid - aggressive,is_bps,120,-10.4725,1.96594,-10.4408,0.825
tier_100k(10/20),BTC-USD,volatile_thin,hybrid|prints-only - aggressive,is_bps,120,-8.93543,2.22061,-7.88677,0.775
tier_100k(10/20),BTC-USD,volatile_thin,passive - aggressive,is_bps,120,-13.3662,1.83606,-14.2684,0.925
tier_100k(10/20),BTC-USD,volatile_thin,passive|prints-only - aggressive,is_bps,120,-15.8718,2.23899,-13.894,0.9
tier_100k(10/20),ETH-USD,calm_deep,hybrid - aggressive,is_bps,120,-9.94565,0.175027,-111.374,1
tier_100k(10/20),ETH-USD,calm_deep,hybrid|prints-only - aggressive,is_bps,120,-2.18536,0.912824,-4.69236,0.633333
tier_100k(10/20),ETH-USD,calm_deep,passive - aggressive,is_bps,120,-9.94565,0.175027,-111.374,1
tier_100k(10/20),ETH-USD,calm_deep,passive|prints-only - aggressive,is_bps,120,-17.2121,0.953921,-35.3654,1
tier_100k(10/20),ETH-USD,calm_thin,hybrid - aggressive,is_bps,120,-3.0927,0.850588,-7.12649,0.75
tier_100k(10/20),ETH-USD,calm_thin,hybrid|prints-only - aggressive,is_bps,120,-3.0927,0.850588,-7.12649,0.75
tier_100k(10/20),ETH-USD,calm_thin,passive - aggressive,is_bps,120,-20.6764,0.767213,-52.822,1
tier_100k(10/20),ETH-USD,calm_thin,passive|prints-only - aggressive,is_bps,120,-20.6764,0.767213,-52.822,1
tier_100k(10/20),ETH-USD,live_calm_deep,hybrid - aggressive,is_bps,16,-9.47619,2.21644,-8.3798,0.9375
tier_100k(10/20),ETH-USD,live_calm_deep,passive - aggressive,is_bps,16,-10.1046,1.55555,-12.7319,1
tier_100k(10/20),ETH-USD,live_calm_thin,hybrid - aggressive,is_bps,14,-10.4397,0.660861,-30.9624,1
tier_100k(10/20),ETH-USD,live_calm_thin,passive - aggressive,is_bps,14,-10.4397,0.660861,-30.9624,1
tier_100k(10/20),ETH-USD,live_volatile_deep,hybrid - aggressive,is_bps,14,-9.68975,1.95651,-9.70701,0.928571
tier_100k(10/20),ETH-USD,live_volatile_deep,passive - aggressive,is_bps,14,-10.3501,1.13363,-17.8948,1
tier_100k(10/20),ETH-USD,live_volatile_thin,hybrid - aggressive,is_bps,14,-10.3855,0.836432,-24.3363,1
tier_100k(10/20),ETH-USD,live_volatile_thin,passive - aggressive,is_bps,14,-10.3855,0.836432,-24.3363,1
tier_100k(10/20),ETH-USD,volatile_deep,hybrid - aggressive,is_bps,120,-9.30589,0.502584,-36.2916,0.983333
tier_100k(10/20),ETH-USD,volatile_deep,hybrid|prints-only - aggressive,is_bps,120,-4.43513,3.319,-2.61912,0.616667
tier_100k(10/20),ETH-USD,volatile_deep,passive - aggressive,is_bps,120,-9.30589,0.502584,-36.2916,0.983333
tier_100k(10/20),ETH-USD,volatile_deep,passive|prints-only - aggressive,is_bps,120,-12.1721,3.3863,-7.04525,0.791667
tier_100k(10/20),ETH-USD,volatile_thin,hybrid - aggressive,is_bps,120,-7.74333,2.90669,-5.22138,0.75
tier_100k(10/20),ETH-USD,volatile_thin,hybrid|prints-only - aggressive,is_bps,120,-5.40904,3.05734,-3.46763,0.625
tier_100k(10/20),ETH-USD,volatile_thin,passive - aggressive,is_bps,120,-16.6809,2.67914,-12.2034,0.891667
tier_100k(10/20),ETH-USD,volatile_thin,passive|prints-only - aggressive,is_bps,120,-20.8602,3.34663,-12.2171,0.875
tier_1m(8/18),BTC-USD,calm_deep,hybrid - aggressive,is_bps,120,-9.93207,0.0891189,-218.437,1
tier_1m(8/18),BTC-USD,calm_deep,hybrid|prints-only - aggressive,is_bps,120,-4.6227,0.860373,-10.5309,0.85
tier_1m(8/18),BTC-USD,calm_deep,passive - aggressive,is_bps,120,-9.93207,0.0891189,-218.437,1
tier_1m(8/18),BTC-USD,calm_deep,passive|prints-only - aggressive,is_bps,120,-12.979,0.736751,-34.5283,1
tier_1m(8/18),BTC-USD,calm_thin,hybrid - aggressive,is_bps,120,-4.49332,0.929166,-9.47829,0.825
tier_1m(8/18),BTC-USD,calm_thin,hybrid|prints-only - aggressive,is_bps,120,-4.49332,0.929166,-9.47829,0.825
tier_1m(8/18),BTC-USD,calm_thin,passive - aggressive,is_bps,120,-17.0142,0.733448,-45.4671,1
tier_1m(8/18),BTC-USD,calm_thin,passive|prints-only - aggressive,is_bps,120,-17.0142,0.733448,-45.4671,1
tier_1m(8/18),BTC-USD,live_calm_deep,hybrid - aggressive,is_bps,8,-9.32179,1.51896,-12.0285,1
tier_1m(8/18),BTC-USD,live_calm_deep,passive - aggressive,is_bps,8,-10.4646,1.26921,-16.1602,1
tier_1m(8/18),BTC-USD,live_calm_thin,hybrid - aggressive,is_bps,22,-8.87369,1.89909,-9.15831,0.909091
tier_1m(8/18),BTC-USD,live_calm_thin,passive - aggressive,is_bps,22,-9.82458,0.828092,-23.2536,1
tier_1m(8/18),BTC-USD,live_volatile_deep,hybrid - aggressive,is_bps,22,-10.0712,0.543089,-36.3468,1
tier_1m(8/18),BTC-USD,live_volatile_deep,passive - aggressive,is_bps,22,-10.0712,0.543089,-36.3468,1
tier_1m(8/18),BTC-USD,live_volatile_thin,hybrid - aggressive,is_bps,6,-10.2761,1.00813,-19.9788,1
tier_1m(8/18),BTC-USD,live_volatile_thin,passive - aggressive,is_bps,6,-10.2761,1.00813,-19.9788,1
tier_1m(8/18),BTC-USD,volatile_deep,hybrid - aggressive,is_bps,120,-9.47544,0.417376,-44.4967,0.991667
tier_1m(8/18),BTC-USD,volatile_deep,hybrid|prints-only - aggressive,is_bps,120,-6.83517,2.19827,-6.0943,0.741667
tier_1m(8/18),BTC-USD,volatile_deep,passive - aggressive,is_bps,120,-9.47544,0.417376,-44.4967,0.991667
tier_1m(8/18),BTC-USD,volatile_deep,passive|prints-only - aggressive,is_bps,120,-9.07257,2.0842,-8.5319,0.85
tier_1m(8/18),BTC-USD,volatile_thin,hybrid - aggressive,is_bps,120,-10.4729,1.96593,-10.4413,0.825
tier_1m(8/18),BTC-USD,volatile_thin,hybrid|prints-only - aggressive,is_bps,120,-8.93598,2.22057,-7.88741,0.775
tier_1m(8/18),BTC-USD,volatile_thin,passive - aggressive,is_bps,120,-13.2195,1.84674,-14.0303,0.908333
tier_1m(8/18),BTC-USD,volatile_thin,passive|prints-only - aggressive,is_bps,120,-15.4159,2.23352,-13.5281,0.883333
tier_1m(8/18),ETH-USD,calm_deep,hybrid - aggressive,is_bps,120,-9.94564,0.175024,-111.376,1
tier_1m(8/18),ETH-USD,calm_deep,hybrid|prints-only - aggressive,is_bps,120,-2.18549,0.912824,-4.69264,0.633333
tier_1m(8/18),ETH-USD,calm_deep,passive - aggressive,is_bps,120,-9.94564,0.175024,-111.376,1
tier_1m(8/18),ETH-USD,calm_deep,passive|prints-only - aggressive,is_bps,120,-15.814,0.936689,-33.0903,1
tier_1m(8/18),ETH-USD,calm_thin,hybrid - aggressive,is_bps,120,-3.09272,0.850602,-7.1264,0.75
tier_1m(8/18),ETH-USD,calm_thin,hybrid|prints-only - aggressive,is_bps,120,-3.09272,0.850602,-7.1264,0.75
tier_1m(8/18),ETH-USD,calm_thin,passive - aggressive,is_bps,120,-19.2101,0.751001,-50.1354,1
tier_1m(8/18),ETH-USD,calm_thin,passive|prints-only - aggressive,is_bps,120,-19.2101,0.751001,-50.1354,1
tier_1m(8/18),ETH-USD,live_calm_deep,hybrid - aggressive,is_bps,16,-9.47611,2.21667,-8.37885,0.9375
tier_1m(8/18),ETH-USD,live_calm_deep,passive - aggressive,is_bps,16,-10.1045,1.55578,-12.7299,1
tier_1m(8/18),ETH-USD,live_calm_thin,hybrid - aggressive,is_bps,14,-10.4397,0.660856,-30.9627,1
tier_1m(8/18),ETH-USD,live_calm_thin,passive - aggressive,is_bps,14,-10.4397,0.660856,-30.9627,1
tier_1m(8/18),ETH-USD,live_volatile_deep,hybrid - aggressive,is_bps,14,-9.68959,1.95662,-9.70631,0.928571
tier_1m(8/18),ETH-USD,live_volatile_deep,passive - aggressive,is_bps,14,-10.3499,1.13373,-17.893,1
tier_1m(8/18),ETH-USD,live_volatile_thin,hybrid - aggressive,is_bps,14,-10.3856,0.836393,-24.3376,1
tier_1m(8/18),ETH-USD,live_volatile_thin,passive - aggressive,is_bps,14,-10.3856,0.836393,-24.3376,1
tier_1m(8/18),ETH-USD,volatile_deep,hybrid - aggressive,is_bps,120,-9.30588,0.502613,-36.2894,0.983333
tier_1m(8/18),ETH-USD,volatile_deep,hybrid|prints-only - aggressive,is_bps,120,-4.43433,3.31914,-2.61854,0.616667
tier_1m(8/18),ETH-USD,volatile_deep,passive - aggressive,is_bps,120,-9.30588,0.502613,-36.2894,0.983333
tier_1m(8/18),ETH-USD,volatile_deep,passive|prints-only - aggressive,is_bps,120,-11.5786,3.38334,-6.70756,0.791667
tier_1m(8/18),ETH-USD,volatile_thin,hybrid - aggressive,is_bps,120,-7.74197,2.90675,-5.22036,0.75
tier_1m(8/18),ETH-USD,volatile_thin,hybrid|prints-only - aggressive,is_bps,120,-5.40748,3.05733,-3.46663,0.625
tier_1m(8/18),ETH-USD,volatile_thin,passive - aggressive,is_bps,120,-16.1599,2.69341,-11.7595,0.875
tier_1m(8/18),ETH-USD,volatile_thin,passive|prints-only - aggressive,is_bps,120,-19.7646,3.34193,-11.5917,0.85
tier_75m(3/12),BTC-USD,calm_deep,hybrid - aggressive,is_bps,120,-8.93203,0.0891361,-196.405,1
tier_75m(3/12),BTC-USD,calm_deep,hybrid|prints-only - aggressive,is_bps,120,-4.14849,0.815446,-9.97128,0.833333
tier_75m(3/12),BTC-USD,calm_deep,passive - aggressive,is_bps,120,-8.93203,0.0891361,-196.405,1
tier_75m(3/12),BTC-USD,calm_deep,passive|prints-only - aggressive,is_bps,120,-9.99665,0.590656,-33.1723,0.991667
tier_75m(3/12),BTC-USD,calm_thin,hybrid - aggressive,is_bps,120,-4.16629,0.89627,-9.11102,0.816667
tier_75m(3/12),BTC-USD,calm_thin,hybrid|prints-only - aggressive,is_bps,120,-4.16629,0.89627,-9.11102,0.816667
tier_75m(3/12),BTC-USD,calm_thin,passive - aggressive,is_bps,120,-13.2333,0.685012,-37.8639,1
tier_75m(3/12),BTC-USD,calm_thin,passive|prints-only - aggressive,is_bps,120,-13.2333,0.685012,-37.8639,1
tier_75m(3/12),BTC-USD,live_calm_deep,hybrid - aggressive,is_bps,8,-8.38406,1.41815,-11.5875,1
tier_75m(3/12),BTC-USD,live_calm_deep,passive - aggressive,is_bps,8,-9.15298,0.897925,-19.9792,1
tier_75m(3/12),BTC-USD,live_calm_thin,hybrid - aggressive,is_bps,22,-7.96397,1.78399,-8.74968,0.909091
tier_75m(3/12),BTC-USD,live_calm_thin,passive - aggressive,is_bps,22,-8.82465,0.82827,-20.8825,1
tier_75m(3/12),BTC-USD,live_volatile_deep,hybrid - aggressive,is_bps,22,-9.07127,0.543143,-32.7348,1
tier_75m(3/12),BTC-USD,live_volatile_deep,passive - aggressive,is_bps,22,-9.07127,0.543143,-32.7348,1
tier_75m(3/12),BTC-USD,live_volatile_thin,hybrid - aggressive,is_bps,6,-9.27657,1.00817,-18.0347,1
tier_75m(3/12),BTC-USD,live_volatile_thin,passive - aggressive,is_bps,6,-9.27657,1.00817,-18.0347,1
tier_75m(3/12),BTC-USD,volatile_deep,hybrid - aggressive,is_bps,120,-8.47528,0.417518,-39.7864,0.991667
tier_75m(3/12),BTC-USD,volatile_deep,hybrid|prints-only - aggressive,is_bps,120,-6.02227,2.18525,-5.40151,0.733333
tier_75m(3/12),BTC-USD,volatile_deep,passive - aggressive,is_bps,120,-8.47528,0.417518,-39.7864,0.991667
tier_75m(3/12),BTC-USD,volatile_deep,passive|prints-only - aggressive,is_bps,120,-7.78669,2.08132,-7.33281,0.783333
tier_75m(3/12),BTC-USD,volatile_thin,hybrid - aggressive,is_bps,120,-9.68233,1.94839,-9.74003,0.8
tier_75m(3/12),BTC-USD,volatile_thin,hybrid|prints-only - aggressive,is_bps,120,-8.33088,2.20007,-7.42183,0.766667
tier_75m(3/12),BTC-USD,volatile_thin,passive - aggressive,is_bps,120,-11.8529,1.87988,-12.3581,0.891667
tier_75m(3/12),BTC-USD,volatile_thin,passive|prints-only - aggressive,is_bps,120,-13.2763,2.2358,-11.6386,0.875
tier_75m(3/12),ETH-USD,calm_deep,hybrid - aggressive,is_bps,120,-8.94561,0.175016,-100.182,1
tier_75m(3/12),ETH-USD,calm_deep,hybrid|prints-only - aggressive,is_bps,120,-1.96729,0.891543,-4.32497,0.625
tier_75m(3/12),ETH-USD,calm_deep,passive - aggressive,is_bps,120,-8.94561,0.175016,-100.182,1
tier_75m(3/12),ETH-USD,calm_deep,passive|prints-only - aggressive,is_bps,120,-11.3186,0.92133,-24.0786,0.975
tier_75m(3/12),ETH-USD,calm_thin,hybrid - aggressive,is_bps,120,-2.89899,0.830501,-6.84168,0.741667
tier_75m(3/12),ETH-USD,calm_thin,hybrid|prints-only - aggressive,is_bps,120,-2.89899,0.830501,-6.84168,0.741667
tier_75m(3/12),ETH-USD,calm_thin,passive - aggressive,is_bps,120,-14.5442,0.742956,-38.3692,1
tier_75m(3/12),ETH-USD,calm_thin,passive|prints-only - aggressive,is_bps,120,-14.5442,0.742956,-38.3692,1
tier_75m(3/12),ETH-USD,live_calm_deep,hybrid - aggressive,is_bps,16,-8.53774,2.14453,-7.80309,0.875
tier_75m(3/12),ETH-USD,live_calm_deep,passive - aggressive,is_bps,16,-9.10435,1.55634,-11.4657,0.9375
tier_75m(3/12),ETH-USD,live_calm_thin,hybrid - aggressive,is_bps,14,-9.43981,0.660852,-27.9972,1
tier_75m(3/12),ETH-USD,live_calm_thin,passive - aggressive,is_bps,14,-9.43981,0.660852,-27.9972,1
tier_75m(3/12),ETH-USD,live_volatile_deep,hybrid - aggressive,is_bps,14,-8.74642,1.86449,-9.19447,0.928571
tier_75m(3/12),ETH-USD,live_volatile_deep,passive - aggressive,is_bps,14,-9.34958,1.13395,-16.1605,1
tier_75m(3/12),ETH-USD,live_volatile_thin,hybrid - aggressive,is_bps,14,-9.38574,0.836303,-21.9969,1
tier_75m(3/12),ETH-USD,live_volatile_thin,passive - aggressive,is_bps,14,-9.38574,0.836303,-21.9969,1
tier_75m(3/12),ETH-USD,volatile_deep,hybrid - aggressive,is_bps,120,-8.30584,0.502686,-32.3849,0.975
tier_75m(3/12),ETH-USD,volatile_deep,hybrid|prints-only - aggressive,is_bps,120,-3.92548,3.30453,-2.32831,0.608333
tier_75m(3/12),ETH-USD,volatile_deep,passive - aggressive,is_bps,120,-8.30584,0.502686,-32.3849,0.975
tier_75m(3/12),ETH-USD,volatile_deep,passive|prints-only - aggressive,is_bps,120,-9.09467,3.3866,-5.26355,0.766667
tier_75m(3/12),ETH-USD,volatile_thin,hybrid - aggressive,is_bps,120,-7.21184,2.88529,-4.89905,0.741667
tier_75m(3/12),ETH-USD,volatile_thin,hybrid|prints-only - aggressive,is_bps,120,-5.08559,3.04861,-3.26961,0.625
tier_75m(3/12),ETH-USD,volatile_thin,passive - aggressive,is_bps,120,-13.8572,2.74096,-9.90899,0.825
tier_75m(3/12),ETH-USD,volatile_thin,passive|prints-only - aggressive,is_bps,120,-16.0257,3.33976,-9.405,0.825
top(0/5),BTC-USD,calm_deep,hybrid - aggressive,is_bps,120,-4.932,0.0891454,-108.438,1
top(0/5),BTC-USD,calm_deep,hybrid|prints-only - aggressive,is_bps,120,-2.25098,0.659124,-6.69363,0.758333
top(0/5),BTC-USD,calm_deep,passive - aggressive,is_bps,120,-4.932,0.0891454,-108.438,1
top(0/5),BTC-USD,calm_deep,passive|prints-only - aggressive,is_bps,120,-4.80725,0.561764,-16.7726,0.941667
top(0/5),BTC-USD,calm_thin,hybrid - aggressive,is_bps,120,-2.85736,0.7791,-7.18833,0.75
top(0/5),BTC-USD,calm_thin,hybrid|prints-only - aggressive,is_bps,120,-2.85736,0.7791,-7.18833,0.75
top(0/5),BTC-USD,calm_thin,passive - aggressive,is_bps,120,-7.56477,0.699281,-21.2031,0.975
top(0/5),BTC-USD,calm_thin,passive|prints-only - aggressive,is_bps,120,-7.56477,0.699281,-21.2031,0.975
top(0/5),BTC-USD,live_calm_deep,hybrid - aggressive,is_bps,8,-4.63341,1.05979,-8.56912,1
top(0/5),BTC-USD,live_calm_deep,passive - aggressive,is_bps,8,-4.96607,0.82557,-11.79,1
top(0/5),BTC-USD,live_calm_thin,hybrid - aggressive,is_bps,22,-4.32492,1.33458,-6.35171,0.909091
top(0/5),BTC-USD,live_calm_thin,passive - aggressive,is_bps,22,-4.82469,0.828387,-11.4154,0.954545
top(0/5),BTC-USD,live_volatile_deep,hybrid - aggressive,is_bps,22,-5.07137,0.543186,-18.2992,1
top(0/5),BTC-USD,live_volatile_deep,passive - aggressive,is_bps,22,-5.07137,0.543186,-18.2992,1
top(0/5),BTC-USD,live_volatile_thin,hybrid - aggressive,is_bps,6,-5.27684,1.00835,-10.2569,1
top(0/5),BTC-USD,live_volatile_thin,passive - aggressive,is_bps,6,-5.27684,1.00835,-10.2569,1
top(0/5),BTC-USD,volatile_deep,hybrid - aggressive,is_bps,120,-4.47519,0.4176,-21.0042,0.966667
top(0/5),BTC-USD,volatile_deep,hybrid|prints-only - aggressive,is_bps,120,-2.76937,2.14086,-2.53541,0.625
top(0/5),BTC-USD,volatile_deep,passive - aggressive,is_bps,120,-4.47519,0.4176,-21.0042,0.966667
top(0/5),BTC-USD,volatile_deep,passive|prints-only - aggressive,is_bps,120,-3.61516,2.08273,-3.40213,0.65
top(0/5),BTC-USD,volatile_thin,hybrid - aggressive,is_bps,120,-6.5166,1.88735,-6.76745,0.733333
top(0/5),BTC-USD,volatile_thin,hybrid|prints-only - aggressive,is_bps,120,-5.9058,2.13017,-5.43401,0.7
top(0/5),BTC-USD,volatile_thin,passive - aggressive,is_bps,120,-7.63294,1.90406,-7.8572,0.783333
top(0/5),BTC-USD,volatile_thin,passive|prints-only - aggressive,is_bps,120,-8.59257,2.24812,-7.49133,0.775
top(0/5),ETH-USD,calm_deep,hybrid - aggressive,is_bps,120,-4.94559,0.175009,-55.3877,1
top(0/5),ETH-USD,calm_deep,hybrid|prints-only - aggressive,is_bps,120,-1.0934,0.817966,-2.62,0.558333
top(0/5),ETH-USD,calm_deep,passive - aggressive,is_bps,120,-4.94559,0.175009,-55.3877,1
top(0/5),ETH-USD,calm_deep,passive|prints-only - aggressive,is_bps,120,-5.22131,0.931673,-10.9843,0.866667
top(0/5),ETH-USD,calm_thin,hybrid - aggressive,is_bps,120,-2.12397,0.757859,-5.49309,0.708333
top(0/5),ETH-USD,calm_thin,hybrid|prints-only - aggressive,is_bps,120,-2.12397,0.757859,-5.49309,0.708333
top(0/5),ETH-USD,calm_thin,passive - aggressive,is_bps,120,-8.34466,0.760748,-21.4993,0.958333
top(0/5),ETH-USD,calm_thin,passive|prints-only - aggressive,is_bps,120,-8.34466,0.760748,-21.4993,0.958333
top(0/5),ETH-USD,live_calm_deep,hybrid - aggressive,is_bps,16,-4.78494,1.87004,-5.01512,0.875
top(0/5),ETH-USD,live_calm_deep,passive - aggressive,is_bps,16,-5.10426,1.55665,-6.42685,0.9375
top(0/5),ETH-USD,live_calm_thin,hybrid - aggressive,is_bps,14,-5.4398,0.660875,-16.1332,1
top(0/5),ETH-USD,live_calm_thin,passive - aggressive,is_bps,14,-5.4398,0.660875,-16.1332,1
top(0/5),ETH-USD,live_volatile_deep,hybrid - aggressive,is_bps,14,-4.97511,1.52186,-6.40741,0.857143
top(0/5),ETH-USD,live_volatile_deep,passive - aggressive,is_bps,14,-5.34938,1.13399,-9.2459,0.928571
top(0/5),ETH-USD,live_volatile_thin,hybrid - aggressive,is_bps,14,-5.38582,0.836285,-12.6227,1
top(0/5),ETH-USD,live_volatile_thin,passive - aggressive,is_bps,14,-5.38582,0.836285,-12.6227,1
top(0/5),ETH-USD,volatile_deep,hybrid - aggressive,is_bps,120,-4.30582,0.502729,-16.7872,0.933333
top(0/5),ETH-USD,volatile_deep,hybrid|prints-only - aggressive,is_bps,120,-1.89689,3.25169,-1.14338,0.558333
top(0/5),ETH-USD,volatile_deep,passive - aggressive,is_bps,120,-4.30582,0.502729,-16.7872,0.933333
top(0/5),ETH-USD,volatile_deep,passive|prints-only - aggressive,is_bps,120,-4.20435,3.39585,-2.42665,0.625
top(0/5),ETH-USD,volatile_thin,hybrid - aggressive,is_bps,120,-5.10291,2.80503,-3.56564,0.666667
top(0/5),ETH-USD,volatile_thin,hybrid|prints-only - aggressive,is_bps,120,-3.81135,3.01939,-2.47409,0.6
top(0/5),ETH-USD,volatile_thin,passive - aggressive,is_bps,120,-9.07563,2.77722,-6.40504,0.766667
top(0/5),ETH-USD,volatile_thin,passive|prints-only - aggressive,is_bps,120,-10.3824,3.34493,-6.08368,0.708333
rebate(-1/5),BTC-USD,calm_deep,hybrid - aggressive,is_completed_bps,120,-5.932,0.0891492,-130.419,1
rebate(-1/5),BTC-USD,calm_deep,hybrid|prints-only - aggressive,is_completed_bps,120,-2.72543,0.693891,-7.69839,0.775
rebate(-1/5),BTC-USD,calm_deep,passive - aggressive,is_completed_bps,120,-5.932,0.0891492,-130.419,1
rebate(-1/5),BTC-USD,calm_deep,passive|prints-only - aggressive,is_completed_bps,120,-3.37597,0.664225,-9.96185,0.816667
rebate(-1/5),BTC-USD,calm_thin,hybrid - aggressive,is_completed_bps,120,-3.18468,0.805906,-7.74529,0.791667
rebate(-1/5),BTC-USD,calm_thin,hybrid|prints-only - aggressive,is_completed_bps,120,-3.18468,0.805906,-7.74529,0.791667
rebate(-1/5),BTC-USD,calm_thin,passive - aggressive,is_completed_bps,120,-4.29082,0.871054,-9.65499,0.791667
rebate(-1/5),BTC-USD,calm_thin,passive|prints-only - aggressive,is_completed_bps,120,-4.29082,0.871054,-9.65499,0.791667
rebate(-1/5),BTC-USD,live_calm_deep,hybrid - aggressive,is_completed_bps,8,-5.57105,1.14044,-9.5746,1
rebate(-1/5),BTC-USD,live_calm_deep,passive - aggressive,is_completed_bps,8,-5.56414,1.14982,-9.48474,1
rebate(-1/5),BTC-USD,live_calm_thin,hybrid - aggressive,is_completed_bps,22,-5.2347,1.44468,-7.10194,0.909091
rebate(-1/5),BTC-USD,live_calm_thin,passive - aggressive,is_completed_bps,22,-5.82471,0.828419,-13.781,0.954545
rebate(-1/5),BTC-USD,live_volatile_deep,hybrid - aggressive,is_completed_bps,22,-6.07136,0.543194,-21.9072,1
rebate(-1/5),BTC-USD,live_volatile_deep,passive - aggressive,is_completed_bps,22,-6.07136,0.543194,-21.9072,1
rebate(-1/5),BTC-USD,live_volatile_thin,hybrid - aggressive,is_completed_bps,6,-6.27693,1.00831,-12.2014,1
rebate(-1/5),BTC-USD,live_volatile_thin,passive - aggressive,is_completed_bps,6,-6.27693,1.00831,-12.2014,1
rebate(-1/5),BTC-USD,volatile_deep,hybrid - aggressive,is_completed_bps,120,-5.47515,0.41763,-25.6957,0.983333
rebate(-1/5),BTC-USD,volatile_deep,hybrid|prints-only - aggressive,is_completed_bps,120,-3.58273,2.15079,-3.26492,0.65
rebate(-1/5),BTC-USD,volatile_deep,passive - aggressive,is_completed_bps,120,-5.47515,0.41763,-25.6957,0.983333
rebate(-1/5),BTC-USD,volatile_deep,passive|prints-only - aggressive,is_completed_bps,120,-4.25998,2.09361,-3.98812,0.666667
rebate(-1/5),BTC-USD,volatile_thin,hybrid - aggressive,is_completed_bps,120,-7.30838,1.90121,-7.53439,0.733333
rebate(-1/5),BTC-USD,volatile_thin,hybrid|prints-only - aggressive,is_completed_bps,120,-6.51255,2.14579,-5.94867,0.7
rebate(-1/5),BTC-USD,volatile_thin,passive - aggressive,is_completed_bps,120,-8.03418,1.98523,-7.93206,0.775
rebate(-1/5),BTC-USD,volatile_thin,passive|prints-only - aggressive,is_completed_bps,120,-7.67855,2.31831,-6.49178,0.741667
rebate(-1/5),ETH-USD,calm_deep,hybrid - aggressive,is_completed_bps,120,-5.94559,0.175008,-66.5874,1
rebate(-1/5),ETH-USD,calm_deep,hybrid|prints-only - aggressive,is_completed_bps,120,-1.31199,0.834471,-3.08159,0.575
rebate(-1/5),ETH-USD,calm_deep,passive - aggressive,is_completed_bps,120,-5.94559,0.175008,-66.5874,1
rebate(-1/5),ETH-USD,calm_deep,passive|prints-only - aggressive,is_completed_bps,120,-1.79052,1.00145,-3.50433,0.633333
rebate(-1/5),ETH-USD,calm_thin,hybrid - aggressive,is_completed_bps,120,-2.31774,0.774734,-5.86365,0.708333
rebate(-1/5),ETH-USD,calm_thin,hybrid|prints-only - aggressive,is_completed_bps,120,-2.31774,0.774734,-5.86365,0.708333
rebate(-1/5),ETH-USD,calm_thin,passive - aggressive,is_completed_bps,120,-3.01629,0.893059,-6.61985,0.725
rebate(-1/5),ETH-USD,calm_thin,passive|prints-only - aggressive,is_completed_bps,120,-3.01629,0.893059,-6.61985,0.725
rebate(-1/5),ETH-USD,live_calm_deep,hybrid - aggressive,is_completed_bps,16,-5.72307,1.93612,-5.79367,0.875
rebate(-1/5),ETH-USD,live_calm_deep,passive - aggressive,is_completed_bps,16,-6.10421,1.55677,-7.68531,0.9375
rebate(-1/5),ETH-USD,live_calm_thin,hybrid - aggressive,is_completed_bps,14,-6.43983,0.660865,-19.0993,1
rebate(-1/5),ETH-USD,live_calm_thin,passive - aggressive,is_completed_bps,14,-6.43983,0.660865,-19.0993,1
rebate(-1/5),ETH-USD,live_volatile_deep,hybrid - aggressive,is_completed_bps,14,-5.91779,1.60272,-7.237,0.928571
rebate(-1/5),ETH-USD,live_volatile_deep,passive - aggressive,is_completed_bps,14,-6.34931,1.13407,-10.9735,1
rebate(-1/5),ETH-USD,live_volatile_thin,hybrid - aggressive,is_completed_bps,14,-6.38585,0.836255,-14.9671,1
rebate(-1/5),ETH-USD,live_volatile_thin,passive - aggressive,is_completed_bps,14,-6.38585,0.836255,-14.9671,1
rebate(-1/5),ETH-USD,volatile_deep,hybrid - aggressive,is_completed_bps,120,-5.30582,0.502744,-20.6853,0.95
rebate(-1/5),ETH-USD,volatile_deep,hybrid|prints-only - aggressive,is_completed_bps,120,-2.40334,3.26399,-1.44319,0.566667
rebate(-1/5),ETH-USD,volatile_deep,passive - aggressive,is_completed_bps,120,-5.30582,0.502744,-20.6853,0.95
rebate(-1/5),ETH-USD,volatile_deep,passive|prints-only - aggressive,is_completed_bps,120,-3.32028,3.43379,-1.89521,0.608333
rebate(-1/5),ETH-USD,volatile_thin,hybrid - aggressive,is_completed_bps,120,-5.62895,2.82421,-3.90649,0.675
rebate(-1/5),ETH-USD,volatile_thin,hybrid|prints-only - aggressive,is_completed_bps,120,-4.12854,3.02583,-2.67429,0.608333
rebate(-1/5),ETH-USD,volatile_thin,passive - aggressive,is_completed_bps,120,-7.60421,2.92824,-5.08984,0.725
rebate(-1/5),ETH-USD,volatile_thin,passive|prints-only - aggressive,is_completed_bps,120,-5.85404,3.38774,-3.38689,0.625
retail(40/60),BTC-USD,calm_deep,hybrid - aggressive,is_completed_bps,120,-19.9323,0.0890104,-438.908,1
retail(40/60),BTC-USD,calm_deep,hybrid|prints-only - aggressive,is_completed_bps,120,-9.36549,1.37145,-13.3847,0.891667
retail(40/60),BTC-USD,calm_deep,passive - aggressive,is_completed_bps,120,-19.9323,0.0890104,-438.908,1
retail(40/60),BTC-USD,calm_deep,passive|prints-only - aggressive,is_completed_bps,120,-11.8223,1.30647,-17.7361,0.933333
retail(40/60),BTC-USD,calm_thin,hybrid - aggressive,is_completed_bps,120,-7.76445,1.30608,-11.6519,0.875
retail(40/60),BTC-USD,calm_thin,hybrid|prints-only - aggressive,is_completed_bps,120,-7.76445,1.30608,-11.6519,0.875
retail(40/60),BTC-USD,calm_thin,passive - aggressive,is_completed_bps,120,-10.5012,1.41882,-14.5067,0.925
retail(40/60),BTC-USD,calm_thin,passive|prints-only - aggressive,is_completed_bps,120,-10.5012,1.41882,-14.5067,0.925
retail(40/60),BTC-USD,live_calm_deep,hybrid - aggressive,is_completed_bps,8,-18.6988,2.62899,-13.9406,1
retail(40/60),BTC-USD,live_calm_deep,passive - aggressive,is_completed_bps,8,-18.6919,2.64177,-13.868,1
retail(40/60),BTC-USD,live_calm_thin,hybrid - aggressive,is_completed_bps,22,-17.9711,3.07933,-11.4386,0.909091
retail(40/60),BTC-USD,live_calm_thin,passive - aggressive,is_completed_bps,22,-19.8241,0.826948,-46.9863,1
retail(40/60),BTC-USD,live_volatile_deep,hybrid - aggressive,is_completed_bps,22,-20.0707,0.542735,-72.4823,1
retail(40/60),BTC-USD,live_volatile_deep,passive - aggressive,is_completed_bps,22,-20.0707,0.542735,-72.4823,1
retail(40/60),BTC-USD,live_volatile_thin,hybrid - aggressive,is_completed_bps,6,-20.2733,1.00768,-39.4326,1
retail(40/60),BTC-USD,live_volatile_thin,passive - aggressive,is_completed_bps,6,-20.2733,1.00768,-39.4326,1
retail(40/60),BTC-USD,volatile_deep,hybrid - aggressive,is_completed_bps,120,-19.4765,0.416474,-91.6597,1
retail(40/60),BTC-USD,volatile_deep,hybrid|prints-only - aggressive,is_completed_bps,120,-14.9655,2.3652,-12.4017,0.875
retail(40/60),BTC-USD,volatile_deep,passive - aggressive,is_completed_bps,120,-19.4765,0.416474,-91.6597,1
retail(40/60),BTC-USD,volatile_deep,passive|prints-only - aggressive,is_completed_bps,120,-17.454,2.15423,-15.8803,0.925
retail(40/60),BTC-USD,volatile_thin,hybrid - aggressive,is_completed_bps,120,-18.3823,2.18414,-16.4958,0.908333
retail(40/60),BTC-USD,volatile_thin,hybrid|prints-only - aggressive,is_completed_bps,120,-14.992,2.4811,-11.8432,0.833333
retail(40/60),BTC-USD,volatile_thin,passive - aggressive,is_completed_bps,120,-20.9962,2.17045,-18.9604,0.941667
retail(40/60),BTC-USD,volatile_thin,passive|prints-only - aggressive,is_completed_bps,120,-18.4723,2.57136,-14.0803,0.891667
retail(40/60),ETH-USD,calm_deep,hybrid - aggressive,is_completed_bps,120,-19.9458,0.175079,-223.292,1
retail(40/60),ETH-USD,calm_deep,hybrid|prints-only - aggressive,is_completed_bps,120,-4.36862,1.17059,-7.31472,0.741667
retail(40/60),ETH-USD,calm_deep,passive - aggressive,is_completed_bps,120,-19.9458,0.175079,-223.292,1
retail(40/60),ETH-USD,calm_deep,passive|prints-only - aggressive,is_completed_bps,120,-6.00085,1.31375,-8.95274,0.8
retail(40/60),ETH-USD,calm_thin,hybrid - aggressive,is_completed_bps,120,-5.0301,1.08227,-9.10954,0.808333
retail(40/60),ETH-USD,calm_thin,hybrid|prints-only - aggressive,is_completed_bps,120,-5.0301,1.08227,-9.10954,0.808333
retail(40/60),ETH-USD,calm_thin,passive - aggressive,is_completed_bps,120,-6.7506,1.27015,-10.417,0.875
retail(40/60),ETH-USD,calm_thin,passive|prints-only - aggressive,is_completed_bps,120,-6.7506,1.27015,-10.417,0.875
retail(40/60),ETH-USD,live_calm_deep,hybrid - aggressive,is_completed_bps,16,-18.8591,2.99562,-12.3393,1
retail(40/60),ETH-USD,live_calm_deep,passive - aggressive,is_completed_bps,16,-20.1057,1.55223,-25.3875,1
retail(40/60),ETH-USD,live_calm_thin,hybrid - aggressive,is_completed_bps,14,-20.4394,0.660861,-60.6196,1
retail(40/60),ETH-USD,live_calm_thin,passive - aggressive,is_completed_bps,14,-20.4394,0.660861,-60.6196,1
retail(40/60),ETH-USD,live_volatile_deep,hybrid - aggressive,is_completed_bps,14,-19.1198,2.95538,-12.6802,1
retail(40/60),ETH-USD,live_volatile_deep,passive - aggressive,is_completed_bps,14,-20.3522,1.13243,-35.2253,1
retail(40/60),ETH-USD,live_volatile_thin,hybrid - aggressive,is_completed_bps,14,-20.3846,0.836931,-47.7386,1
retail(40/60),ETH-USD,live_volatile_thin,passive - aggressive,is_completed_bps,14,-20.3846,0.836931,-47.7386,1
retail(40/60),ETH-USD,volatile_deep,hybrid - aggressive,is_completed_bps,120,-19.3061,0.50215,-75.3559,1
retail(40/60),ETH-USD,volatile_deep,hybrid|prints-only - aggressive,is_completed_bps,120,-9.5156,3.50149,-5.32647,0.708333
retail(40/60),ETH-USD,volatile_deep,passive - aggressive,is_completed_bps,120,-19.3061,0.50215,-75.3559,1
retail(40/60),ETH-USD,volatile_deep,passive|prints-only - aggressive,is_completed_bps,120,-13.1856,3.59414,-7.19053,0.791667
retail(40/60),ETH-USD,volatile_thin,hybrid - aggressive,is_completed_bps,120,-13.031,3.15119,-8.10511,0.783333
retail(40/60),ETH-USD,volatile_thin,hybrid|prints-only - aggressive,is_completed_bps,120,-8.61224,3.17371,-5.31869,0.708333
retail(40/60),ETH-USD,volatile_thin,passive - aggressive,is_completed_bps,120,-17.9936,3.23776,-10.8925,0.841667
retail(40/60),ETH-USD,volatile_thin,passive|prints-only - aggressive,is_completed_bps,120,-12.2269,3.55528,-6.74062,0.733333
tier_100k(10/20),BTC-USD,calm_deep,hybrid - aggressive,is_completed_bps,120,-9.93209,0.0891119,-218.454,1
tier_100k(10/20),BTC-USD,calm_deep,hybrid|prints-only - aggressive,is_completed_bps,120,-4.62262,0.860383,-10.5306,0.85
tier_100k(10/20),BTC-USD,calm_deep,passive - aggressive,is_completed_bps,120,-9.93209,0.0891119,-218.454,1
tier_100k(10/20),BTC-USD,calm_deep,passive|prints-only - aggressive,is_completed_bps,120,-5.78926,0.815052,-13.9217,0.883333
tier_100k(10/20),BTC-USD,calm_thin,hybrid - aggressive,is_completed_bps,120,-4.49322,0.929161,-9.47814,0.825
tier_100k(10/20),BTC-USD,calm_thin,hybrid|prints-only - aggressive,is_completed_bps,120,-4.49322,0.929161,-9.47814,0.825
tier_100k(10/20),BTC-USD,calm_thin,passive - aggressive,is_completed_bps,120,-6.06525,1.00769,-11.7972,0.866667
tier_100k(10/20),BTC-USD,calm_thin,passive|prints-only - aggressive,is_completed_bps,120,-6.06525,1.00769,-11.7972,0.866667
tier_100k(10/20),BTC-USD,live_calm_deep,hybrid - aggressive,is_completed_bps,8,-9.32182,1.51887,-12.0292,1
tier_100k(10/20),BTC-USD,live_calm_deep,passive - aggressive,is_completed_bps,8,-9.31492,1.53024,-11.931,1
tier_100k(10/20),BTC-USD,live_calm_thin,hybrid - aggressive,is_completed_bps,22,-8.87367,1.89897,-9.15883,0.909091
tier_100k(10/20),BTC-USD,live_calm_thin,passive - aggressive,is_completed_bps,22,-9.82455,0.828022,-23.2555,1
tier_100k(10/20),BTC-USD,live_volatile_deep,hybrid - aggressive,is_completed_bps,22,-10.0712,0.543069,-36.3481,1
tier_100k(10/20),BTC-USD,live_volatile_deep,passive - aggressive,is_completed_bps,22,-10.0712,0.543069,-36.3481,1
tier_100k(10/20),BTC-USD,live_volatile_thin,hybrid - aggressive,is_completed_bps,6,-10.2759,1.00813,-19.9785,1
tier_100k(10/20),BTC-USD,live_volatile_thin,passive - aggressive,is_completed_bps,6,-10.2759,1.00813,-19.9785,1
tier_100k(10/20),BTC-USD,volatile_deep,hybrid - aggressive,is_completed_bps,120,-9.4755,0.417319,-44.5031,0.991667
tier_100k(10/20),BTC-USD,volatile_deep,hybrid|prints-only - aggressive,is_completed_bps,120,-6.83501,2.1983,-6.09407,0.741667
tier_100k(10/20),BTC-USD,volatile_deep,passive - aggressive,is_completed_bps,120,-9.4755,0.417319,-44.5031,0.991667
tier_100k(10/20),BTC-USD,volatile_deep,passive|prints-only - aggressive,is_completed_bps,120,-8.02977,2.10595,-7.47328,0.783333
tier_100k(10/20),BTC-USD,volatile_thin,hybrid - aggressive,is_completed_bps,120,-10.4725,1.96594,-10.4408,0.825
tier_100k(10/20),BTC-USD,volatile_thin,hybrid|prints-only - aggressive,is_completed_bps,120,-8.93543,2.22061,-7.88677,0.775
tier_100k(10/20),BTC-USD,volatile_thin,passive - aggressive,is_completed_bps,120,-11.7378,2.03275,-11.3177,0.875
tier_100k(10/20),BTC-USD,volatile_thin,passive|prints-only - aggressive,is_completed_bps,120,-10.7627,2.37614,-8.87778,0.825
tier_100k(10/20),ETH-USD,calm_deep,hybrid - aggressive,is_completed_bps,120,-9.94565,0.175027,-111.374,1
tier_100k(10/20),ETH-USD,calm_deep,hybrid|prints-only - aggressive,is_completed_bps,120,-2.18536,0.912824,-4.69236,0.633333
tier_100k(10/20),ETH-USD,calm_deep,passive - aggressive,is_completed_bps,120,-9.94565,0.175027,-111.374,1
tier_100k(10/20),ETH-USD,calm_deep,passive|prints-only - aggressive,is_completed_bps,120,-2.99351,1.07189,-5.47377,0.7
tier_100k(10/20),ETH-USD,calm_thin,hybrid - aggressive,is_completed_bps,120,-3.0927,0.850588,-7.12649,0.75
tier_100k(10/20),ETH-USD,calm_thin,hybrid|prints-only - aggressive,is_completed_bps,120,-3.0927,0.850588,-7.12649,0.75
tier_100k(10/20),ETH-USD,calm_thin,passive - aggressive,is_completed_bps,120,-4.08325,0.987025,-8.10837,0.783333
tier_100k(10/20),ETH-USD,calm_thin,passive|prints-only - aggressive,is_completed_bps,120,-4.08325,0.987025,-8.10837,0.783333
tier_100k(10/20),ETH-USD,live_calm_deep,hybrid - aggressive,is_completed_bps,16,-9.47619,2.21644,-8.3798,0.9375
tier_100k(10/20),ETH-USD,live_calm_deep,passive - aggressive,is_completed_bps,16,-10.1046,1.55555,-12.7319,1
tier_100k(10/20),ETH-USD,live_calm_thin,hybrid - aggressive,is_completed_bps,14,-10.4397,0.660861,-30.9624,1
tier_100k(10/20),ETH-USD,live_calm_thin,passive - aggressive,is_completed_bps,14,-10.4397,0.660861,-30.9624,1
tier_100k(10/20),ETH-USD,live_volatile_deep,hybrid - aggressive,is_completed_bps,14,-9.68975,1.95651,-9.70701,0.928571
tier_100k(10/20),ETH-USD,live_volatile_deep,passive - aggressive,is_completed_bps,14,-10.3501,1.13363,-17.8948,1
tier_100k(10/20),ETH-USD,live_volatile_thin,hybrid - aggressive,is_completed_bps,14,-10.3855,0.836432,-24.3363,1
tier_100k(10/20),ETH-USD,live_volatile_thin,passive - aggressive,is_completed_bps,14,-10.3855,0.836432,-24.3363,1
tier_100k(10/20),ETH-USD,volatile_deep,hybrid - aggressive,is_completed_bps,120,-9.30589,0.502584,-36.2916,0.983333
tier_100k(10/20),ETH-USD,volatile_deep,hybrid|prints-only - aggressive,is_completed_bps,120,-4.43513,3.319,-2.61912,0.616667
tier_100k(10/20),ETH-USD,volatile_deep,passive - aggressive,is_completed_bps,120,-9.30589,0.502584,-36.2916,0.983333
tier_100k(10/20),ETH-USD,volatile_deep,passive|prints-only - aggressive,is_completed_bps,120,-6.13868,3.46854,-3.46884,0.675
tier_100k(10/20),ETH-USD,volatile_thin,hybrid - aggressive,is_completed_bps,120,-7.74333,2.90669,-5.22138,0.75
tier_100k(10/20),ETH-USD,volatile_thin,hybrid|prints-only - aggressive,is_completed_bps,120,-5.40904,3.05734,-3.46763,0.625
tier_100k(10/20),ETH-USD,volatile_thin,passive - aggressive,is_completed_bps,120,-10.5721,3.00737,-6.89019,0.791667
tier_100k(10/20),ETH-USD,volatile_thin,passive|prints-only - aggressive,is_completed_bps,120,-7.67432,3.42581,-4.39069,0.675
tier_1m(8/18),BTC-USD,calm_deep,hybrid - aggressive,is_completed_bps,120,-9.93207,0.0891189,-218.437,1
tier_1m(8/18),BTC-USD,calm_deep,hybrid|prints-only - aggressive,is_completed_bps,120,-4.6227,0.860373,-10.5309,0.85
tier_1m(8/18),BTC-USD,calm_deep,passive - aggressive,is_completed_bps,120,-9.93207,0.0891189,-218.437,1
tier_1m(8/18),BTC-USD,calm_deep,passive|prints-only - aggressive,is_completed_bps,120,-5.78937,0.815041,-13.9222,0.883333
tier_1m(8/18),BTC-USD,calm_thin,hybrid - aggressive,is_completed_bps,120,-4.49332,0.929166,-9.47829,0.825
tier_1m(8/18),BTC-USD,calm_thin,hybrid|prints-only - aggressive,is_completed_bps,120,-4.49332,0.929166,-9.47829,0.825
tier_1m(8/18),BTC-USD,calm_thin,passive - aggressive,is_completed_bps,120,-6.06537,1.00769,-11.7974,0.866667
tier_1m(8/18),BTC-USD,calm_thin,passive|prints-only - aggressive,is_completed_bps,120,-6.06537,1.00769,-11.7974,0.866667
tier_1m(8/18),BTC-USD,live_calm_deep,hybrid - aggressive,is_completed_bps,8,-9.32179,1.51896,-12.0285,1
tier_1m(8/18),BTC-USD,live_calm_deep,passive - aggressive,is_completed_bps,8,-9.31489,1.53032,-11.9303,1
tier_1m(8/18),BTC-USD,live_calm_thin,hybrid - aggressive,is_completed_bps,22,-8.87369,1.89909,-9.15831,0.909091
tier_1m(8/18),BTC-USD,live_calm_thin,passive - aggressive,is_completed_bps,22,-9.82458,0.828092,-23.2536,1
tier_1m(8/18),BTC-USD,live_volatile_deep,hybrid - aggressive,is_completed_bps,22,-10.0712,0.543089,-36.3468,1
tier_1m(8/18),BTC-USD,live_volatile_deep,passive - aggressive,is_completed_bps,22,-10.0712,0.543089,-36.3468,1
tier_1m(8/18),BTC-USD,live_volatile_thin,hybrid - aggressive,is_completed_bps,6,-10.2761,1.00813,-19.9788,1
tier_1m(8/18),BTC-USD,live_volatile_thin,passive - aggressive,is_completed_bps,6,-10.2761,1.00813,-19.9788,1
tier_1m(8/18),BTC-USD,volatile_deep,hybrid - aggressive,is_completed_bps,120,-9.47544,0.417376,-44.4967,0.991667
tier_1m(8/18),BTC-USD,volatile_deep,hybrid|prints-only - aggressive,is_completed_bps,120,-6.83517,2.19827,-6.0943,0.741667
tier_1m(8/18),BTC-USD,volatile_deep,passive - aggressive,is_completed_bps,120,-9.47544,0.417376,-44.4967,0.991667
tier_1m(8/18),BTC-USD,volatile_deep,passive|prints-only - aggressive,is_completed_bps,120,-8.02997,2.1059,-7.47363,0.783333
tier_1m(8/18),BTC-USD,volatile_thin,hybrid - aggressive,is_completed_bps,120,-10.4729,1.96593,-10.4413,0.825
tier_1m(8/18),BTC-USD,volatile_thin,hybrid|prints-only - aggressive,is_completed_bps,120,-8.93598,2.22057,-7.88741,0.775
tier_1m(8/18),BTC-USD,volatile_thin,passive - aggressive,is_completed_bps,120,-11.7382,2.03271,-11.3183,0.875
tier_1m(8/18),BTC-USD,volatile_thin,passive|prints-only - aggressive,is_completed_bps,120,-10.7632,2.37609,-8.87842,0.825
tier_1m(8/18),ETH-USD,calm_deep,hybrid - aggressive,is_completed_bps,120,-9.94564,0.175024,-111.376,1
tier_1m(8/18),ETH-USD,calm_deep,hybrid|prints-only - aggressive,is_completed_bps,120,-2.18549,0.912824,-4.69264,0.633333
tier_1m(8/18),ETH-USD,calm_deep,passive - aggressive,is_completed_bps,120,-9.94564,0.175024,-111.376,1
tier_1m(8/18),ETH-USD,calm_deep,passive|prints-only - aggressive,is_completed_bps,120,-2.9936,1.07189,-5.47395,0.7
tier_1m(8/18),ETH-USD,calm_thin,hybrid - aggressive,is_completed_bps,120,-3.09272,0.850602,-7.1264,0.75
tier_1m(8/18),ETH-USD,calm_thin,hybrid|prints-only - aggressive,is_completed_bps,120,-3.09272,0.850602,-7.1264,0.75
tier_1m(8/18),ETH-USD,calm_thin,passive - aggressive,is_completed_bps,120,-4.0833,0.987037,-8.10837,0.783333
tier_1m(8/18),ETH-USD,calm_thin,passive|prints-only - aggressive,is_completed_bps,120,-4.0833,0.987037,-8.10837,0.783333
tier_1m(8/18),ETH-USD,live_calm_deep,hybrid - aggressive,is_completed_bps,16,-9.47611,2.21667,-8.37885,0.9375
tier_1m(8/18),ETH-USD,live_calm_deep,passive - aggressive,is_completed_bps,16,-10.1045,1.55578,-12.7299,1
tier_1m(8/18),ETH-USD,live_calm_thin,hybrid - aggressive,is_completed_bps,14,-10.4397,0.660856,-30.9627,1
tier_1m(8/18),ETH-USD,live_calm_thin,passive - aggressive,is_completed_bps,14,-10.4397,0.660856,-30.9627,1
tier_1m(8/18),ETH-USD,live_volatile_deep,hybrid - aggressive,is_completed_bps,14,-9.68959,1.95662,-9.70631,0.928571
tier_1m(8/18),ETH-USD,live_volatile_deep,passive - aggressive,is_completed_bps,14,-10.3499,1.13373,-17.893,1
tier_1m(8/18),ETH-USD,live_volatile_thin,hybrid - aggressive,is_completed_bps,14,-10.3856,0.836393,-24.3376,1
tier_1m(8/18),ETH-USD,live_volatile_thin,passive - aggressive,is_completed_bps,14,-10.3856,0.836393,-24.3376,1
tier_1m(8/18),ETH-USD,volatile_deep,hybrid - aggressive,is_completed_bps,120,-9.30588,0.502613,-36.2894,0.983333
tier_1m(8/18),ETH-USD,volatile_deep,hybrid|prints-only - aggressive,is_completed_bps,120,-4.43433,3.31914,-2.61854,0.616667
tier_1m(8/18),ETH-USD,volatile_deep,passive - aggressive,is_completed_bps,120,-9.30588,0.502613,-36.2894,0.983333
tier_1m(8/18),ETH-USD,volatile_deep,passive|prints-only - aggressive,is_completed_bps,120,-6.13794,3.46867,-3.46829,0.675
tier_1m(8/18),ETH-USD,volatile_thin,hybrid - aggressive,is_completed_bps,120,-7.74197,2.90675,-5.22036,0.75
tier_1m(8/18),ETH-USD,volatile_thin,hybrid|prints-only - aggressive,is_completed_bps,120,-5.40748,3.05733,-3.46663,0.625
tier_1m(8/18),ETH-USD,volatile_thin,passive - aggressive,is_completed_bps,120,-10.5708,3.00741,-6.88923,0.791667
tier_1m(8/18),ETH-USD,volatile_thin,passive|prints-only - aggressive,is_completed_bps,120,-7.67279,3.42578,-4.38986,0.675
tier_75m(3/12),BTC-USD,calm_deep,hybrid - aggressive,is_completed_bps,120,-8.93203,0.0891361,-196.405,1
tier_75m(3/12),BTC-USD,calm_deep,hybrid|prints-only - aggressive,is_completed_bps,120,-4.14849,0.815446,-9.97128,0.833333
tier_75m(3/12),BTC-USD,calm_deep,passive - aggressive,is_completed_bps,120,-8.93203,0.0891361,-196.405,1
tier_75m(3/12),BTC-USD,calm_deep,passive|prints-only - aggressive,is_completed_bps,120,-5.18618,0.773373,-13.1436,0.875
tier_75m(3/12),BTC-USD,calm_thin,hybrid - aggressive,is_completed_bps,120,-4.16629,0.89627,-9.11102,0.816667
tier_75m(3/12),BTC-USD,calm_thin,hybrid|prints-only - aggressive,is_completed_bps,120,-4.16629,0.89627,-9.11102,0.816667
tier_75m(3/12),BTC-USD,calm_thin,passive - aggressive,is_completed_bps,120,-5.62189,0.971416,-11.3431,0.858333
tier_75m(3/12),BTC-USD,calm_thin,passive|prints-only - aggressive,is_completed_bps,120,-5.62189,0.971416,-11.3431,0.858333
tier_75m(3/12),BTC-USD,live_calm_deep,hybrid - aggressive,is_completed_bps,8,-8.38406,1.41815,-11.5875,1
tier_75m(3/12),BTC-USD,live_calm_deep,passive - aggressive,is_completed_bps,8,-8.37716,1.42917,-11.4887,1
tier_75m(3/12),BTC-USD,live_calm_thin,hybrid - aggressive,is_completed_bps,22,-7.96397,1.78399,-8.74968,0.909091
tier_75m(3/12),BTC-USD,live_calm_thin,passive - aggressive,is_completed_bps,22,-8.82465,0.82827,-20.8825,1
tier_75m(3/12),BTC-USD,live_volatile_deep,hybrid - aggressive,is_completed_bps,22,-9.07127,0.543143,-32.7348,1
tier_75m(3/12),BTC-USD,live_volatile_deep,passive - aggressive,is_completed_bps,22,-9.07127,0.543143,-32.7348,1
tier_75m(3/12),BTC-USD,live_volatile_thin,hybrid - aggressive,is_completed_bps,6,-9.27657,1.00817,-18.0347,1
tier_75m(3/12),BTC-USD,live_volatile_thin,passive - aggressive,is_completed_bps,6,-9.27657,1.00817,-18.0347,1
tier_75m(3/12),BTC-USD,volatile_deep,hybrid - aggressive,is_completed_bps,120,-8.47528,0.417518,-39.7864,0.991667
tier_75m(3/12),BTC-USD,volatile_deep,hybrid|prints-only - aggressive,is_completed_bps,120,-6.02227,2.18525,-5.40151,0.733333
tier_75m(3/12),BTC-USD,volatile_deep,passive - aggressive,is_completed_bps,120,-8.47528,0.417518,-39.7864,0.991667
tier_75m(3/12),BTC-USD,volatile_deep,passive|prints-only - aggressive,is_completed_bps,120,-7.08775,2.10239,-6.60772,0.75
tier_75m(3/12),BTC-USD,volatile_thin,hybrid - aggressive,is_completed_bps,120,-9.68233,1.94839,-9.74003,0.8
tier_75m(3/12),BTC-USD,volatile_thin,hybrid|prints-only - aggressive,is_completed_bps,120,-8.33088,2.20007,-7.42183,0.766667
tier_75m(3/12),BTC-USD,volatile_thin,passive - aggressive,is_completed_bps,120,-10.8128,2.02035,-10.4898,0.858333
tier_75m(3/12),BTC-USD,volatile_thin,passive|prints-only - aggressive,is_completed_bps,120,-9.99282,2.36041,-8.29768,0.8
tier_75m(3/12),ETH-USD,calm_deep,hybrid - aggressive,is_completed_bps,120,-8.94561,0.175016,-100.182,1
tier_75m(3/12),ETH-USD,calm_deep,hybrid|prints-only - aggressive,is_completed_bps,120,-1.96729,0.891543,-4.32497,0.625
tier_75m(3/12),ETH-USD,calm_deep,passive - aggressive,is_completed_bps,120,-8.94561,0.175016,-100.182,1
tier_75m(3/12),ETH-USD,calm_deep,passive|prints-only - aggressive,is_completed_bps,120,-2.69296,1.05256,-5.01462,0.691667
tier_75m(3/12),ETH-USD,calm_thin,hybrid - aggressive,is_completed_bps,120,-2.89899,0.830501,-6.84168,0.741667
tier_75m(3/12),ETH-USD,calm_thin,hybrid|prints-only - aggressive,is_completed_bps,120,-2.89899,0.830501,-6.84168,0.741667
tier_75m(3/12),ETH-USD,calm_thin,passive - aggressive,is_completed_bps,120,-3.81661,0.962219,-7.77427,0.783333
tier_75m(3/12),ETH-USD,calm_thin,passive|prints-only - aggressive,is_completed_bps,120,-3.81661,0.962219,-7.77427,0.783333
tier_75m(3/12),ETH-USD,live_calm_deep,hybrid - aggressive,is_completed_bps,16,-8.53774,2.14453,-7.80309,0.875
tier_75m(3/12),ETH-USD,live_calm_deep,passive - aggressive,is_completed_bps,16,-9.10435,1.55634,-11.4657,0.9375
tier_75m(3/12),ETH-USD,live_calm_thin,hybrid - aggressive,is_completed_bps,14,-9.43981,0.660852,-27.9972,1
tier_75m(3/12),ETH-USD,live_calm_thin,passive - aggressive,is_completed_bps,14,-9.43981,0.660852,-27.9972,1
tier_75m(3/12),ETH-USD,live_volatile_deep,hybrid - aggressive,is_completed_bps,14,-8.74642,1.86449,-9.19447,0.928571
tier_75m(3/12),ETH-USD,live_volatile_deep,passive - aggressive,is_completed_bps,14,-9.34958,1.13395,-16.1605,1
tier_75m(3/12),ETH-USD,live_volatile_thin,hybrid - aggressive,is_completed_bps,14,-9.38574,0.836303,-21.9969,1
tier_75m(3/12),ETH-USD,live_volatile_thin,passive - aggressive,is_completed_bps,14,-9.38574,0.836303,-21.9969,1
tier_75m(3/12),ETH-USD,volatile_deep,hybrid - aggressive,is_completed_bps,120,-8.30584,0.502686,-32.3849,0.975
tier_75m(3/12),ETH-USD,volatile_deep,hybrid|prints-only - aggressive,is_completed_bps,120,-3.92548,3.30453,-2.32831,0.608333
tier_75m(3/12),ETH-USD,volatile_deep,passive - aggressive,is_completed_bps,120,-8.30584,0.502686,-32.3849,0.975
tier_75m(3/12),ETH-USD,volatile_deep,passive|prints-only - aggressive,is_completed_bps,120,-5.43252,3.45927,-3.07803,0.658333
tier_75m(3/12),ETH-USD,volatile_thin,hybrid - aggressive,is_completed_bps,120,-7.21184,2.88529,-4.89905,0.741667
tier_75m(3/12),ETH-USD,volatile_thin,hybrid|prints-only - aggressive,is_completed_bps,120,-5.08559,3.04861,-3.26961,0.625
tier_75m(3/12),ETH-USD,volatile_thin,passive - aggressive,is_completed_bps,120,-9.8273,2.98691,-6.44864,0.775
tier_75m(3/12),ETH-USD,volatile_thin,passive|prints-only - aggressive,is_completed_bps,120,-7.21601,3.41547,-4.14098,0.65
top(0/5),BTC-USD,calm_deep,hybrid - aggressive,is_completed_bps,120,-4.932,0.0891454,-108.438,1
top(0/5),BTC-USD,calm_deep,hybrid|prints-only - aggressive,is_completed_bps,120,-2.25098,0.659124,-6.69363,0.758333
top(0/5),BTC-USD,calm_deep,passive - aggressive,is_completed_bps,120,-4.932,0.0891454,-108.438,1
top(0/5),BTC-USD,calm_deep,passive|prints-only - aggressive,is_completed_bps,120,-2.77244,0.634629,-8.56245,0.783333
top(0/5),BTC-USD,calm_thin,hybrid - aggressive,is_completed_bps,120,-2.85736,0.7791,-7.18833,0.75
top(0/5),BTC-USD,calm_thin,hybrid|prints-only - aggressive,is_completed_bps,120,-2.85736,0.7791,-7.18833,0.75
top(0/5),BTC-USD,calm_thin,passive - aggressive,is_completed_bps,120,-3.84701,0.840979,-8.9659,0.758333
top(0/5),BTC-USD,calm_thin,passive|prints-only - aggressive,is_completed_bps,120,-3.84701,0.840979,-8.9659,0.758333
top(0/5),BTC-USD,live_calm_deep,hybrid - aggressive,is_completed_bps,8,-4.63341,1.05979,-8.56912,1
top(0/5),BTC-USD,live_calm_deep,passive - aggressive,is_completed_bps,8,-4.62651,1.06833,-8.48797,1
top(0/5),BTC-USD,live_calm_thin,hybrid - aggressive,is_completed_bps,22,-4.32492,1.33458,-6.35171,0.909091
top(0/5),BTC-USD,live_calm_thin,passive - aggressive,is_completed_bps,22,-4.82469,0.828387,-11.4154,0.954545
top(0/5),BTC-USD,live_volatile_deep,hybrid - aggressive,is_completed_bps,22,-5.07137,0.543186,-18.2992,1
top(0/5),BTC-USD,live_volatile_deep,passive - aggressive,is_completed_bps,22,-5.07137,0.543186,-18.2992,1
top(0/5),BTC-USD,live_volatile_thin,hybrid - aggressive,is_completed_bps,6,-5.27684,1.00835,-10.2569,1
top(0/5),BTC-USD,live_volatile_thin,passive - aggressive,is_completed_bps,6,-5.27684,1.00835,-10.2569,1
top(0/5),BTC-USD,volatile_deep,hybrid - aggressive,is_completed_bps,120,-4.47519,0.4176,-21.0042,0.966667
top(0/5),BTC-USD,volatile_deep,hybrid|prints-only - aggressive,is_completed_bps,120,-2.76937,2.14086,-2.53541,0.625
top(0/5),BTC-USD,volatile_deep,passive - aggressive,is_completed_bps,120,-4.47519,0.4176,-21.0042,0.966667
top(0/5),BTC-USD,volatile_deep,passive|prints-only - aggressive,is_completed_bps,120,-3.31716,2.09125,-3.10897,0.641667
top(0/5),BTC-USD,volatile_thin,hybrid - aggressive,is_completed_bps,120,-6.5166,1.88735,-6.76745,0.733333
top(0/5),BTC-USD,volatile_thin,hybrid|prints-only - aggressive,is_completed_bps,120,-5.9058,2.13017,-5.43401,0.7
top(0/5),BTC-USD,volatile_thin,passive - aggressive,is_completed_bps,120,-7.10752,1.97417,-7.0565,0.758333
top(0/5),BTC-USD,volatile_thin,passive|prints-only - aggressive,is_completed_bps,120,-6.90648,2.30593,-5.87038,0.733333
top(0/5),ETH-USD,calm_deep,hybrid - aggressive,is_completed_bps,120,-4.94559,0.175009,-55.3877,1
top(0/5),ETH-USD,calm_deep,hybrid|prints-only - aggressive,is_completed_bps,120,-1.0934,0.817966,-2.62,0.558333
top(0/5),ETH-USD,calm_deep,passive - aggressive,is_completed_bps,120,-4.94559,0.175009,-55.3877,1
top(0/5),ETH-USD,calm_deep,passive|prints-only - aggressive,is_completed_bps,120,-1.4896,0.986896,-2.95838,0.625
top(0/5),ETH-USD,calm_thin,hybrid - aggressive,is_completed_bps,120,-2.12397,0.757859,-5.49309,0.708333
top(0/5),ETH-USD,calm_thin,hybrid|prints-only - aggressive,is_completed_bps,120,-2.12397,0.757859,-5.49309,0.708333
top(0/5),ETH-USD,calm_thin,passive - aggressive,is_completed_bps,120,-2.74946,0.872019,-6.17984,0.708333
top(0/5),ETH-USD,calm_thin,passive|prints-only - aggressive,is_completed_bps,120,-2.74946,0.872019,-6.17984,0.708333
top(0/5),ETH-USD,live_calm_deep,hybrid - aggressive,is_completed_bps,16,-4.78494,1.87004,-5.01512,0.875
top(0/5),ETH-USD,live_calm_deep,passive - aggressive,is_completed_bps,16,-5.10426,1.55665,-6.42685,0.9375
top(0/5),ETH-USD,live_calm_thin,hybrid - aggressive,is_completed_bps,14,-5.4398,0.660875,-16.1332,1
top(0/5),ETH-USD,live_calm_thin,passive - aggressive,is_completed_bps,14,-5.4398,0.660875,-16.1332,1
top(0/5),ETH-USD,live_volatile_deep,hybrid - aggressive,is_completed_bps,14,-4.97511,1.52186,-6.40741,0.857143
top(0/5),ETH-USD,live_volatile_deep,passive - aggressive,is_completed_bps,14,-5.34938,1.13399,-9.2459,0.928571
top(0/5),ETH-USD,live_volatile_thin,hybrid - aggressive,is_completed_bps,14,-5.38582,0.836285,-12.6227,1
top(0/5),ETH-USD,live_volatile_thin,passive - aggressive,is_completed_bps,14,-5.38582,0.836285,-12.6227,1
top(0/5),ETH-USD,volatile_deep,hybrid - aggressive,is_completed_bps,120,-4.30582,0.502729,-16.7872,0.933333
top(0/5),ETH-USD,volatile_deep,hybrid|prints-only - aggressive,is_completed_bps,120,-1.89689,3.25169,-1.14338,0.558333
top(0/5),ETH-USD,volatile_deep,passive - aggressive,is_completed_bps,120,-4.30582,0.502729,-16.7872,0.933333
top(0/5),ETH-USD,volatile_deep,passive|prints-only - aggressive,is_completed_bps,120,-2.61706,3.42631,-1.49707,0.583333
top(0/5),ETH-USD,volatile_thin,hybrid - aggressive,is_completed_bps,120,-5.10291,2.80503,-3.56564,0.666667
top(0/5),ETH-USD,volatile_thin,hybrid|prints-only - aggressive,is_completed_bps,120,-3.81135,3.01939,-2.47409,0.6
top(0/5),ETH-USD,volatile_thin,passive - aggressive,is_completed_bps,120,-6.86475,2.90968,-4.62418,0.716667
top(0/5),ETH-USD,volatile_thin,passive|prints-only - aggressive,is_completed_bps,120,-5.40183,3.37958,-3.13281,0.616667
