regime,config,n,arrival_spread_bps,arrival_spread_bps_ci95,arrival_depth10_usd,arrival_depth10_usd_ci95,path_spread_bps_mean,path_spread_bps_mean_ci95,path_depth10_usd_median,path_depth10_usd_median_ci95,path_vol_bps_sqrt_s,path_vol_bps_sqrt_s_ci95,fill_rate,fill_rate_ci95,maker_share,maker_share_ci95,slippage_bps,slippage_bps_ci95,fee_bps,fee_bps_ci95,exec_cost_bps,exec_cost_bps_ci95,fee_cost_bps,fee_cost_bps_ci95,opportunity_cost_bps,opportunity_cost_bps_ci95,is_bps,is_bps_ci95,cleanup_exec_bps,cleanup_exec_bps_ci95,is_completed_bps,is_completed_bps_ci95,adverse_sel_bps_1s_all,adverse_sel_bps_1s_all_ci95,adverse_sel_bps_5s_all,adverse_sel_bps_5s_all_ci95,adverse_sel_bps_30s_all,adverse_sel_bps_30s_all_ci95,adverse_sel_bps_1s_maker,adverse_sel_bps_1s_maker_ci95,adverse_sel_bps_5s_maker,adverse_sel_bps_5s_maker_ci95,adverse_sel_bps_30s_maker,adverse_sel_bps_30s_maker_ci95,post_fill_drift_bps_5s_all,post_fill_drift_bps_5s_all_ci95,time_to_last_fill_s,time_to_last_fill_s_ci95,n_children,n_children_ci95,n_cancel_requests,n_cancel_requests_ci95,blind_s,blind_s_ci95,fills_after_deadline_qty,fills_after_deadline_qty_ci95,maker_fills_by_queue,maker_fills_by_queue_ci95,maker_fills_by_tradethrough,maker_fills_by_tradethrough_ci95,maker_fills_by_cross,maker_fills_by_cross_ci95
volatile_deep,aggressive|lat250ms,60,0.207688,0.0419489,2.36375e+06,61308,0.171942,0.00156814,2.32961e+06,6009.62,2.47629,0.101758,1,9.73981e-10,0,0,0.315676,0.285745,18,3.09645e-16,0.315676,0.285745,18.0009,0.000479625,1.6121e-16,1.66223e-08,18.3166,0.285785,2.18167e-10,1.45866e-10,18.3166,0.285785,0.315664,0.576736,0.315689,1.47808,0.31573,3.03802,,,,,,,1.4803e-16,1.49702,0.287292,0.0255869,1,0,0,0,0,0,0,0,0,0,0,0,0,0
volatile_deep,aggressive|lat40ms,60,0.207688,0.0419489,2.36375e+06,61308,0.171942,0.00156814,2.32961e+06,6009.62,2.47629,0.101758,1,9.73981e-10,0,0,0.302776,0.0525896,18,3.70096e-16,0.302776,0.0525896,18,0.000168212,-1.83094e-16,1.66223e-08,18.3028,0.0525479,2.18167e-10,1.45866e-10,18.3028,0.0525479,0.302793,0.62885,0.302781,1.42413,0.302841,2.92426,,,,,,,2.96059e-17,1.43275,0.0459666,0.00409391,1,0,0,0,0,0,0,0,0,0,0,0,0,0
volatile_deep,aggressive|lat5ms,60,0.207688,0.0419489,2.36375e+06,61308,0.171942,0.00156814,2.32961e+06,6009.62,2.47629,0.101758,1,9.73981e-10,0,0,0.302776,0.0525896,18,3.70096e-16,0.302776,0.0525896,18,0.000168212,-1.83094e-16,1.66223e-08,18.3028,0.0525479,2.18167e-10,1.45866e-10,18.3028,0.0525479,0.302793,0.62885,0.302781,1.42413,0.302841,2.92426,,,,,,,2.96059e-17,1.43275,0.00574583,0.000511739,1,0,0,0,0,0,0,0,0,0,0,0,0,0
volatile_deep,aggressive|outage|cod,60,0.207688,0.0419489,2.36375e+06,61308,0.171942,0.00156814,2.32961e+06,6009.62,2.47629,0.101758,1,9.73981e-10,0,0,0.302776,0.0525896,18,3.70096e-16,0.302776,0.0525896,18,0.000168212,-1.83094e-16,1.66223e-08,18.3028,0.0525479,2.18167e-10,1.45866e-10,18.3028,0.0525479,0.302793,0.62885,0.302781,1.42413,0.302841,2.92426,,,,,,,2.96059e-17,1.43275,0.0459666,0.00409391,1,0,0,0,8.92544,1.66467,0,0,0,0,0,0,0,0
volatile_deep,aggressive|outage|no-cod,60,0.207688,0.0419489,2.36375e+06,61308,0.171942,0.00156814,2.32961e+06,6009.62,2.47629,0.101758,1,9.73981e-10,0,0,0.302776,0.0525896,18,3.70096e-16,0.302776,0.0525896,18,0.000168212,-1.83094e-16,1.66223e-08,18.3028,0.0525479,2.18167e-10,1.45866e-10,18.3028,0.0525479,0.302793,0.62885,0.302781,1.42413,0.302841,2.92426,,,,,,,2.96059e-17,1.43275,0.0459666,0.00409391,1,0,0,0,8.92544,1.66467,0,0,0,0,0,0,0,0
volatile_deep,aggressive|prints-only,60,0.207688,0.0419489,2.36375e+06,61308,0.171942,0.00156814,2.32961e+06,6009.62,2.47629,0.101758,1,9.73981e-10,0,0,0.302776,0.0525896,18,3.70096e-16,0.302776,0.0525896,18,0.000168212,-1.83094e-16,1.66223e-08,18.3028,0.0525479,2.18167e-10,1.45866e-10,18.3028,0.0525479,0.302793,0.62885,0.302781,1.42413,0.302841,2.92426,,,,,,,2.96059e-17,1.43275,0.0459666,0.00409391,1,0,0,0,0,0,0,0,0,0,0,0,0,0
volatile_deep,hybrid|lat250ms,60,0.207688,0.0419489,2.36375e+06,61308,0.171942,0.00156814,2.32961e+06,6009.62,2.47629,0.101758,1,1.11349e-09,1,0,0.814336,0.815035,8,1.96273e-16,0.814336,0.815035,8.00045,0.000663068,-9.62408e-09,1.81195e-08,8.81478,0.815133,2.34e-10,1.26955e-10,8.81478,0.815133,1.20522,0.78522,0.75355,1.67456,0.593773,2.95412,1.20522,0.78522,0.75355,1.67456,0.593773,2.95412,-0.11191,1.6851,3.16167,0.684996,5.65,1.1324,2.36667,0.665348,0,0,0,0,0,0,1.35,0.397566,2.45,0.225481
volatile_deep,hybrid|lat40ms,60,0.207688,0.0419489,2.36375e+06,61308,0.171942,0.00156814,2.32961e+06,6009.62,2.47629,0.101758,1,1.08658e-09,1,0,0.975477,0.427616,8,1.96273e-16,0.975477,0.427616,8.00042,0.000381336,-3.34667e-09,1.78697e-08,8.97589,0.427713,2.395e-10,1.49731e-10,8.97589,0.427713,1.32356,0.695569,1.01797,1.5528,0.97256,2.91625,1.32356,0.695569,1.01797,1.5528,0.97256,2.91625,0.192651,1.54734,0.838601,0.205771,1.83333,0.316544,0.833333,0.316544,0,0,0,0,0,0,1.31667,0.374129,2.33333,0.206602
volatile_deep,hybrid|lat5ms,60,0.207688,0.0419489,2.36375e+06,61308,0.171942,0.00156814,2.32961e+06,6009.62,2.47629,0.101758,1,1.27751e-09,1,0,0.888919,0.40889,8,2.0689e-16,0.888919,0.40889,8.00042,0.000358525,-1.09664e-08,2.75906e-08,8.88934,0.409051,2.81417e-10,1.64642e-10,8.88934,0.409051,1.18176,0.709479,0.969848,1.55696,0.88531,2.9164,1.18176,0.709479,0.969848,1.55696,0.88531,2.9164,0.161783,1.55516,0.778601,0.193547,1.76667,0.310311,0.766667,0.310311,0,0,0,0,0,0,1.48333,0.40209,2.35,0.227398
volatile_deep,hybrid|outage|cod,60,0.207688,0.0419489,2.36375e+06,61308,0.171942,0.00156814,2.32961e+06,6009.62,2.47629,0.101758,1,1.10077e-09,1,0,0.765962,0.626972,8,1.9408e-16,0.765962,0.626972,8.00025,0.000521551,-4.30425e-09,1.79564e-08,8.76621,0.627299,2.4525e-10,1.49556e-10,8.76621,0.627299,1.23804,0.692064,0.749046,1.51618,0.765184,2.93998,1.23804,0.692064,0.749046,1.51618,0.765184,2.93998,-0.0826674,1.50639,0.965268,0.280935,1.88333,0.326417,0.85,0.318793,8.92544,1.66467,0,0,0,0,1.26667,0.372312,2.28333,0.198157
volatile_deep,hybrid|outage|no-cod,60,0.207688,0.0419489,2.36375e+06,61308,0.171942,0.00156814,2.32961e+06,6009.62,2.47629,0.101758,1,1.08658e-09,1,0,0.980391,0.426627,8,1.96273e-16,0.980391,0.426627,8.00042,0.000380872,-3.34667e-09,1.78697e-08,8.98081,0.426724,2.395e-10,1.49731e-10,8.98081,0.426724,1.31904,0.694706,1.02461,1.55633,0.967917,2.91625,1.31904,0.694706,1.02461,1.55633,0.967917,2.91625,0.198783,1.55068,0.830268,0.205202,1.81667,0.317656,0.816667,0.317656,8.92544,1.66467,0,0,0,0,1.3,0.370656,2.33333,0.206602
volatile_deep,hybrid|prints-only,60,0.207688,0.0419489,2.36375e+06,61308,0.171942,0.00156814,2.32961e+06,6009.62,2.47629,0.101758,1,1.15768e-09,0.83331,0.060467,0.0307053,2.06572,9.66678,0.604659,0.0307053,2.06572,9.66755,0.604794,-2.43717e-09,2.3189e-08,9.69825,2.01258,2.75083e-10,1.51276e-10,9.69825,2.01258,0.946489,0.461351,1.14239,0.998328,-0.958853,2.71497,1.04711,0.516347,1.11298,1.05832,-0.98444,2.85729,0.664539,1.02113,33.2272,3.0027,51.7833,4.69358,50.5333,4.62965,0,0,0,0,0.0166667,0.0326667,69.9667,6.53322,0,0
volatile_deep,passive|lat250ms,60,0.207688,0.0419489,2.36375e+06,61308,0.171942,0.00156814,2.32961e+06,6009.62,2.47629,0.101758,1,1.11349e-09,1,0,0.814336,0.815035,8,1.96273e-16,0.814336,0.815035,8.00045,0.000663068,-9.62408e-09,1.81195e-08,8.81478,0.815133,2.34e-10,1.26955e-10,8.81478,0.815133,1.20522,0.78522,0.75355,1.67456,0.593773,2.95412,1.20522,0.78522,0.75355,1.67456,0.593773,2.95412,-0.11191,1.6851,3.16167,0.684996,5.65,1.1324,2.36667,0.665348,0,0,0,0,0,0,1.35,0.397566,2.45,0.225481
volatile_deep,passive|lat40ms,60,0.207688,0.0419489,2.36375e+06,61308,0.171942,0.00156814,2.32961e+06,6009.62,2.47629,0.101758,1,1.08658e-09,1,0,0.975477,0.427616,8,1.96273e-16,0.975477,0.427616,8.00042,0.000381336,-3.34667e-09,1.78697e-08,8.97589,0.427713,2.395e-10,1.49731e-10,8.97589,0.427713,1.32356,0.695569,1.01797,1.5528,0.97256,2.91625,1.32356,0.695569,1.01797,1.5528,0.97256,2.91625,0.192651,1.54734,0.838601,0.205771,1.83333,0.316544,0.833333,0.316544,0,0,0,0,0,0,1.31667,0.374129,2.33333,0.206602
volatile_deep,passive|lat5ms,60,0.207688,0.0419489,2.36375e+06,61308,0.171942,0.00156814,2.32961e+06,6009.62,2.47629,0.101758,1,1.27751e-09,1,0,0.888919,0.40889,8,2.0689e-16,0.888919,0.40889,8.00042,0.000358525,-1.09664e-08,2.75906e-08,8.88934,0.409051,2.81417e-10,1.64642e-10,8.88934,0.409051,1.18176,0.709479,0.969848,1.55696,0.88531,2.9164,1.18176,0.709479,0.969848,1.55696,0.88531,2.9164,0.161783,1.55516,0.778601,0.193547,1.76667,0.310311,0.766667,0.310311,0,0,0,0,0,0,1.48333,0.40209,2.35,0.227398
volatile_deep,passive|outage|cod,60,0.207688,0.0419489,2.36375e+06,61308,0.171942,0.00156814,2.32961e+06,6009.62,2.47629,0.101758,1,1.10077e-09,1,0,0.765962,0.626972,8,1.9408e-16,0.765962,0.626972,8.00025,0.000521551,-4.30425e-09,1.79564e-08,8.76621,0.627299,2.4525e-10,1.49556e-10,8.76621,0.627299,1.23804,0.692064,0.749046,1.51618,0.765184,2.93998,1.23804,0.692064,0.749046,1.51618,0.765184,2.93998,-0.0826674,1.50639,0.965268,0.280935,1.88333,0.326417,0.85,0.318793,8.92544,1.66467,0,0,0,0,1.26667,0.372312,2.28333,0.198157
volatile_deep,passive|outage|no-cod,60,0.207688,0.0419489,2.36375e+06,61308,0.171942,0.00156814,2.32961e+06,6009.62,2.47629,0.101758,1,1.08658e-09,1,0,0.980391,0.426627,8,1.96273e-16,0.980391,0.426627,8.00042,0.000380872,-3.34667e-09,1.78697e-08,8.98081,0.426724,2.395e-10,1.49731e-10,8.98081,0.426724,1.31904,0.694706,1.02461,1.55633,0.967917,2.91625,1.31904,0.694706,1.02461,1.55633,0.967917,2.91625,0.198783,1.55068,0.830268,0.205202,1.81667,0.317656,0.816667,0.317656,8.92544,1.66467,0,0,0,0,1.3,0.370656,2.33333,0.206602
volatile_deep,passive|prints-only,60,0.207688,0.0419489,2.36375e+06,61308,0.171942,0.00156814,2.32961e+06,6009.62,2.47629,0.101758,0.951537,0.0292621,1,0,-0.0874436,2.11707,8,1.91862e-16,0.011983,1.99015,7.61283,0.234143,-0.266062,0.381957,7.35875,2.19199,0.00669942,0.00613814,8.23763,2.12265,1.0075,0.475528,0.93297,1.00086,-0.896568,2.65545,1.0075,0.475528,0.93297,1.00086,-0.896568,2.65545,0.356781,1.01291,39.3255,4.39221,60.95,6.78763,59.9333,6.78242,0,0,1.14335e-05,1.71134e-05,0.0166667,0.0326667,83.4333,9.3429,0,0
volatile_thin,aggressive|lat250ms,60,2.66203,0.157999,363874,19985.7,2.65666,0.0236993,378404,3853.03,2.26572,0.113863,1,9.31535e-10,0,0,3.06614,0.230977,18,2.86675e-16,3.06614,0.230977,17.9999,0.00146805,2.17909e-16,3.32824e-08,21.066,0.230767,2.92267e-09,1.41229e-09,21.066,0.230767,3.06622,0.569084,3.06638,1.45735,3.06624,3.66066,,,,,,,2.96059e-17,1.40509,0.274028,0.0287393,1,0,0,0,0,0,0,0,0,0,0,0,0,0
volatile_thin,aggressive|lat40ms,60,2.66203,0.157999,363874,19985.7,2.65666,0.0236993,378404,3853.03,2.26572,0.113863,1,9.31535e-10,0,0,3.11966,0.258812,18,3.70096e-16,3.11966,0.258812,18.0001,0.00150663,-2.84426e-16,3.32824e-08,21.1197,0.258812,2.92267e-09,1.41229e-09,21.1197,0.258812,3.11973,0.583363,3.12001,1.40992,3.11993,3.70225,,,,,,,9.62193e-17,1.36575,0.0516937,0.0136987,1,0,0,0,0,0,0,0,0,0,0,0,0,0
volatile_thin,aggressive|lat5ms,60,2.66203,0.157999,363874,19985.7,2.65666,0.0236993,378404,3853.03,2.26572,0.113863,1,9.31535e-10,0,0,3.12816,0.260929,18,3.51104e-16,3.12816,0.260929,18.0001,0.00151148,-1.32307e-16,3.32824e-08,21.1282,0.260948,2.92267e-09,1.41229e-09,21.1282,0.260948,3.12822,0.578309,3.1285,1.4103,3.12841,3.70406,,,,,,,9.62193e-17,1.36575,0.014638,0.0128838,1,0,0,0,0,0,0,0,0,0,0,0,0,0
volatile_thin,aggressive|outage|cod,60,2.66203,0.157999,363874,19985.7,2.65666,0.0236993,378404,3853.03,2.26572,0.113863,1,9.31535e-10,0,0,3.11966,0.258812,18,3.70096e-16,3.11966,0.258812,18.0001,0.00150663,-2.84426e-16,3.32824e-08,21.1197,0.258812,2.92267e-09,1.41229e-09,21.1197,0.258812,3.11973,0.583363,3.12001,1.40992,3.11993,3.70225,,,,,,,9.62193e-17,1.36575,0.0516937,0.0136987,1,0,0,0,8.74972,1.77485,0,0,0,0,0,0,0,0
volatile_thin,aggressive|outage|no-cod,60,2.66203,0.157999,363874,19985.7,2.65666,0.0236993,378404,3853.03,2.26572,0.113863,1,9.31535e-10,0,0,3.11966,0.258812,18,3.70096e-16,3.11966,0.258812,18.0001,0.00150663,-2.84426e-16,3.32824e-08,21.1197,0.258812,2.92267e-09,1.41229e-09,21.1197,0.258812,3.11973,0.583363,3.12001,1.40992,3.11993,3.70225,,,,,,,9.62193e-17,1.36575,0.0516937,0.0136987,1,0,0,0,8.74972,1.77485,0,0,0,0,0,0,0,0
volatile_thin,aggressive|prints-only,60,2.66203,0.157999,363874,19985.7,2.65666,0.0236993,378404,3853.03,2.26572,0.113863,1,9.31535e-10,0,0,3.11966,0.258812,18,3.70096e-16,3.11966,0.258812,18.0001,0.00150663,-2.84426e-16,3.32824e-08,21.1197,0.258812,2.92267e-09,1.41229e-09,21.1197,0.258812,3.11973,0.583363,3.12001,1.40992,3.11993,3.70225,,,,,,,9.62193e-17,1.36575,0.0516937,0.0136987,1,0,0,0,0,0,0,0,0,0,0,0,0,0
volatile_thin,hybrid|lat250ms,60,2.66203,0.157999,363874,19985.7,2.65666,0.0236993,378404,3853.03,2.26572,0.113863,1,1.22577e-09,0.844104,0.0631974,0.918298,2.64925,9.55891,0.631886,0.918298,2.64925,9.55918,0.6315,8.41158e-09,4.45217e-08,10.4775,2.95259,4.82517e-09,1.72462e-09,10.4775,2.95259,2.33488,0.931026,2.5556,1.46797,1.3619,3.2188,1.96156,0.979426,2.1388,1.57501,0.659473,3.43125,0.956237,1.08976,30.9378,3.45469,28.4667,3.12292,27.5,3.07707,0,0,0,0,0,0,61.9167,6.31485,5.48333,0.978883
volatile_thin,hybrid|lat40ms,60,2.66203,0.157999,363874,19985.7,2.65666,0.0236993,378404,3853.03,2.26572,0.113863,1,1.15129e-09,0.752178,0.0726402,0.947602,2.77436,10.4786,0.72644,0.947602,2.77436,10.4805,0.726792,-2.52942e-08,3.72146e-08,11.4281,3.12177,4.2655e-09,1.47654e-09,11.4281,3.12177,0.859196,0.668225,1.05067,1.13829,0.85262,3.63444,0.204238,0.682477,0.196316,1.33066,-0.395771,3.71324,0.487781,0.986875,34.7774,2.87163,40.45,3.42455,39.5,3.4036,0,0,0,0,0,0,96.65,6.5858,2.88333,0.748439
volatile_thin,hybrid|lat5ms,60,2.66203,0.157999,363874,19985.7,2.65666,0.0236993,378404,3853.03,2.26572,0.113863,1,1.30251e-09,0.773208,0.0721582,1.69543,3.00529,10.2679,0.721578,1.69543,3.00529,10.2688,0.721802,-5.89725e-09,4.46975e-08,11.9642,3.32438,5.38992e-09,1.8463e-09,11.9642,3.32438,1.12625,0.604167,1.12944,0.960966,1.66731,3.30208,0.636557,0.740915,0.360918,1.17014,0.339179,3.42557,0.562054,0.915592,33.1245,3.16996,39.2167,3.72819,38.2333,3.71982,0,0,0,0,0,0,96.9333,7.7387,3.28333,0.742617
volatile_thin,hybrid|outage|cod,60,2.66203,0.157999,363874,19985.7,2.65666,0.0236993,378404,3853.03,2.26572,0.113863,1,1.29809e-09,0.708387,0.0779808,0.985586,2.94525,10.9165,0.779902,0.985586,2.94525,10.9181,0.779944,-3.52518e-08,4.92504e-08,11.9037,3.31015,5.05333e-09,1.82293e-09,11.9037,3.31015,1.00619,0.702254,1.22866,1.18153,0.884816,3.58958,0.320903,0.727249,0.350868,1.32145,0.109048,3.6115,0.54736,1.00373,35.9147,2.97578,36.6833,3.17838,34.2833,3.11652,8.74972,1.77485,0,0,0,0,84.2,6.29997,2.75,0.737533
volatile_thin,hybrid|outage|no-cod,60,2.66203,0.157999,363874,19985.7,2.65666,0.0236993,378404,3853.03,2.26572,0.113863,1,1.12476e-09,0.850588,0.0653528,0.57253,2.55942,9.49426,0.653578,0.57253,2.55942,9.49707,0.654036,-2.84091e-08,3.83987e-08,10.0696,2.83064,4.12242e-09,1.60006e-09,10.0696,2.83064,1.14603,0.71156,0.956469,1.13841,-0.203767,3.80162,0.858764,0.738452,0.864783,1.23143,-0.53569,3.69171,0.165989,0.959672,30.0883,3.37631,30.6667,3.88571,29.7,3.87218,8.74972,1.77485,0,0,0,0,80.6667,7.51875,5.05,1.15479
volatile_thin,hybrid|prints-only,60,2.66203,0.157999,363874,19985.7,2.65666,0.0236993,378404,3853.03,2.26572,0.113863,1,1.29806e-09,0.594412,0.0762651,-0.342347,3.22829,12.0559,0.762644,-0.342347,3.22829,12.057,0.762784,-2.4588e-08,4.52148e-08,11.7147,3.44061,4.87592e-09,1.71074e-09,11.7147,3.44061,0.386912,0.608316,0.398889,1.05551,-0.198846,3.43816,-0.949669,0.499634,-0.752629,1.20717,-1.27719,3.44663,0.117094,0.969026,36.784,2.84009,43,3.41998,42.0167,3.39626,0,0,0,0,0,0,102.517,6.72451,0,0
volatile_thin,passive|lat250ms,60,2.66203,0.157999,363874,19985.7,2.65666,0.0236993,378404,3853.03,2.26572,0.113863,0.928766,0.04301,1,0,0.352277,2.36452,8,1.65512e-16,0.0324616,2.23779,7.43099,0.344249,0.616649,0.863167,8.0801,2.47572,0.161489,0.108675,9.52312,2.67699,2.08928,0.954649,2.30218,1.50759,1.01657,3.27643,2.08928,0.954649,2.30218,1.50759,1.01657,3.27643,0.947728,1.11479,36.3814,4.87889,33.45,4.45208,32.7833,4.48066,0,0,0.0007227,0.00124721,0,0,71.7,8.52377,6.3,0.97867
volatile_thin,passive|lat40ms,60,2.66203,0.157999,363874,19985.7,2.65666,0.0236993,378404,3853.03,2.26572,0.113863,0.877324,0.0537214,1,0,-0.279419,2.57763,8,1.65512e-16,-0.840803,2.28486,7.01968,0.429773,0.994069,1.22556,7.17295,2.77597,0.306836,0.1553,9.68835,3.15295,0.274162,0.622897,0.394752,1.10754,0.00844989,3.45786,0.274162,0.622897,0.394752,1.10754,0.00844989,3.45786,0.447734,0.954538,42.9404,4.50213,49.65,5.25052,49.0167,5.30453,0,0,4.90833e-06,7.07202e-06,0,0,118.317,10.7156,3.66667,0.781875
volatile_thin,passive|lat5ms,60,2.66203,0.157999,363874,19985.7,2.65666,0.0236993,378404,3853.03,2.26572,0.113863,0.914237,0.0439565,1,0,0.662134,2.96588,8,1.57563e-16,0.125527,2.7154,7.31445,0.351744,0.994443,1.0159,8.43442,3.17908,0.207582,0.134012,10.1858,3.42039,0.588385,0.549826,0.42095,0.943295,0.87836,3.12581,0.588385,0.549826,0.42095,0.943295,0.87836,3.12581,0.374943,0.894414,40.333,4.77054,47.4,5.53827,46.75,5.61966,0,0,0.00470961,0.00922426,0,0,118.017,11.9091,4.25,0.821084
volatile_thin,passive|outage|cod,60,2.66203,0.157999,363874,19985.7,2.65666,0.0236993,378404,3853.03,2.26572,0.113863,0.816981,0.0629476,1,0,-0.572533,2.71029,8,1.68078e-16,-1.20327,2.23692,6.53675,0.503771,1.54383,1.71677,6.8773,3.10744,0.426748,0.169072,10.5978,3.59461,0.434207,0.665886,0.507911,1.12028,-0.193342,3.36441,0.434207,0.665886,0.507911,1.12028,-0.193342,3.36441,0.531045,0.946475,44.6096,4.47718,46.2,4.60929,43.9833,4.5464,8.74972,1.77485,4.04318e-05,7.2795e-05,0,0,105.833,9.3928,3.53333,0.759057
volatile_thin,passive|outage|no-cod,60,2.66203,0.157999,363874,19985.7,2.65666,0.0236993,378404,3853.03,2.26572,0.113863,0.91368,0.0469318,1,0,-0.182615,2.3438,8,1.24134e-16,-0.404348,2.13684,7.31147,0.375652,1.35953,1.35924,8.26665,2.59079,0.207175,0.125445,10.0266,3.00143,0.828633,0.705441,0.755024,1.13258,0.159944,3.73039,0.828633,0.705441,0.755024,1.13258,0.159944,3.73039,0.299275,0.933093,34.8989,4.74247,35.8667,5.28157,35.1167,5.33159,8.74972,1.77485,0.0231428,0.031866,0,0,93.05,10.5543,5.46667,1.12049
volatile_thin,passive|prints-only,60,2.66203,0.157999,363874,19985.7,2.65666,0.0236993,378404,3853.03,2.26572,0.113863,0.737925,0.0696376,1,0,-1.83135,2.77819,8,1.52033e-16,-1.66944,2.11585,5.90402,0.557275,0.586215,2.28331,4.82079,3.63596,0.637469,0.209018,10.1745,3.85722,-0.972082,0.460205,-0.797588,1.06126,-1.42041,3.20462,-0.972082,0.460205,-0.797588,1.06126,-1.42041,3.20462,0.408101,1.00414,49.3664,4.52371,57.1333,5.27684,56.75,5.33638,0,0,0.00452634,0.00868031,0,0,135.533,10.8458,0,0
