product,strategy,fill_model,n,arrival_spread_bps,arrival_spread_bps_ci95,arrival_depth10_usd,arrival_depth10_usd_ci95,path_spread_bps_mean,path_spread_bps_mean_ci95,path_depth10_usd_median,path_depth10_usd_median_ci95,path_vol_bps_sqrt_s,path_vol_bps_sqrt_s_ci95,fill_rate,fill_rate_ci95,maker_share,maker_share_ci95,slippage_bps,slippage_bps_ci95,fee_bps,fee_bps_ci95,exec_cost_bps,exec_cost_bps_ci95,fee_cost_bps,fee_cost_bps_ci95,opportunity_cost_bps,opportunity_cost_bps_ci95,is_bps,is_bps_ci95,cleanup_exec_bps,cleanup_exec_bps_ci95,is_completed_bps,is_completed_bps_ci95,adverse_sel_bps_1s_all,adverse_sel_bps_1s_all_ci95,adverse_sel_bps_5s_all,adverse_sel_bps_5s_all_ci95,adverse_sel_bps_30s_all,adverse_sel_bps_30s_all_ci95,adverse_sel_bps_1s_maker,adverse_sel_bps_1s_maker_ci95,adverse_sel_bps_5s_maker,adverse_sel_bps_5s_maker_ci95,adverse_sel_bps_30s_maker,adverse_sel_bps_30s_maker_ci95,post_fill_drift_bps_5s_all,post_fill_drift_bps_5s_all_ci95,time_to_last_fill_s,time_to_last_fill_s_ci95,n_children,n_children_ci95,n_cancel_requests,n_cancel_requests_ci95,blind_s,blind_s_ci95,fills_after_deadline_qty,fills_after_deadline_qty_ci95,maker_fills_by_queue,maker_fills_by_queue_ci95,maker_fills_by_tradethrough,maker_fills_by_tradethrough_ci95,maker_fills_by_cross,maker_fills_by_cross_ci95
BTC-USD,aggressive,prints+quotes,58,0.0150472,0.0135549,1.86443e+06,67461.7,0.0255916,0.00421802,1.8482e+06,20538.2,0.524669,0.0369681,1,9.58974e-10,0,0,0.716567,0.0777083,18,4.19523e-16,0.716567,0.0777083,17.9998,0.000360268,5.51838e-17,2.91742e-09,18.7164,0.0776168,1.2069e-12,5.55458e-13,18.7164,0.0776168,0.716578,0.14482,0.71659,0.257319,0.716555,0.804372,,,,,,,-7.65671e-18,0.239109,0.177175,0.0251552,1,0,0,0,0,0,0,0,0,0,0,0,0,0
BTC-USD,hybrid,prints+quotes,58,0.0150472,0.0135549,1.86443e+06,67461.7,0.0255916,0.00421802,1.8482e+06,20538.2,0.524669,0.0369681,1,1.14396e-09,0.957159,0.0495694,0.753333,0.389273,8.4284,0.495686,0.753333,0.389273,8.42826,0.495249,2.39828e-10,4.10029e-09,9.18159,0.77599,1.72414e-12,6.62388e-13,9.18159,0.77599,0.786465,0.202831,0.738342,0.33989,0.889044,0.88818,0.741363,0.215416,0.640445,0.368094,0.722547,0.881804,0.140619,0.282884,12.1124,2.67533,2.43103,0.417806,1.43103,0.417806,0,0,0,0,3.60345,1.1857,6.5,1.4123,5.18966,1.47918
BTC-USD,hybrid,prints-only,58,0.0150472,0.0135549,1.86443e+06,67461.7,0.0255916,0.00421802,1.8482e+06,20538.2,0.524669,0.0369681,1,1.38776e-09,0.43171,0.0909793,0.914277,0.748003,13.6828,0.909794,0.914277,0.748003,13.6825,0.909858,1.49931e-09,5.95223e-09,14.5967,1.38568,2.15517e-12,8.03502e-13,14.5967,1.38568,0.919549,0.22162,0.82819,0.364823,0.870398,0.7082,0.986771,0.256956,0.810975,0.359811,0.312778,0.821013,0.450602,0.393419,39.0632,2.05498,9.15517,0.925798,8.03448,0.891478,0,0,0,0,9.53448,2.10919,36.6034,6.53231,0,0
BTC-USD,passive,prints+quotes,58,0.0150472,0.0135549,1.86443e+06,67461.7,0.0255916,0.00421802,1.8482e+06,20538.2,0.524669,0.0369681,0.991402,0.0168522,1,0,0.711766,0.38865,8,1.81659e-16,0.715929,0.387871,7.93129,0.134814,0.0160582,0.0314741,8.66328,0.409696,0.00385663,0.007559,8.82186,0.423948,0.788911,0.214616,0.692122,0.350419,0.910288,0.907692,0.788911,0.214616,0.692122,0.350419,0.910288,0.907692,0.0824394,0.297531,12.2692,2.81302,2.39655,0.41172,1.41379,0.41759,0,0,0,0,3.60345,1.1857,6.51724,1.40817,5.22414,1.47255
BTC-USD,passive,prints-only,58,0.0150472,0.0135549,1.86443e+06,67461.7,0.0255916,0.00421802,1.8482e+06,20538.2,0.524669,0.0369681,0.583227,0.0930343,1,0,0.598552,0.698046,8,1.84164e-16,0.188078,0.509938,4.66553,0.744157,0.537506,0.621194,5.39111,1.03034,0.299188,0.0808111,13.1928,1.45024,1.12949,0.257533,0.978579,0.337528,0.689452,0.781533,1.12949,0.257533,0.978579,0.337528,0.689452,0.781533,0.997389,0.334616,48.2933,3.46763,11.1207,1.18191,10.6207,1.19341,0,0,2.65638e-05,3.50826e-05,12.2414,2.51529,47.7931,7.25988,0,0
ETH-USD,aggressive,prints+quotes,58,0.235539,0.0760881,1.01856e+06,31873.1,0.231543,0.0209803,1.03037e+06,14849.1,0.633852,0.0342424,1,5.05627e-11,0,0,1.2136,0.0670422,18,2.96647e-16,1.2136,0.0670422,18,0.000579779,8.3795e-17,2.24575e-10,19.2136,0.0670777,1.89655e-12,9.28164e-13,19.2136,0.0670777,1.21361,0.217677,1.21362,0.375112,1.21357,0.880376,,,,,,,7.65671e-18,0.378614,0.201419,0.0185333,1,0,0,0,0,0,0,0,0,0,0,0,0,0
ETH-USD,hybrid,prints+quotes,58,0.235539,0.0760881,1.01856e+06,31873.1,0.231543,0.0209803,1.03037e+06,14849.1,0.633852,0.0342424,1,4.20321e-11,0.969111,0.0368047,0.925312,0.583981,8.30885,0.368003,0.925312,0.583981,8.30854,0.367603,5.01725e-11,2.41249e-10,9.23386,0.810971,7.24138e-12,5.57618e-12,9.23386,0.810971,0.845272,0.162453,0.878831,0.323417,0.9878,0.843737,0.812371,0.16625,0.843973,0.327427,0.769664,0.869506,0.268091,0.308443,19.5482,3.12136,7.08621,1.21412,6.08621,1.21412,0,0,0,0,0.948276,0.458414,6.56897,1.64623,11.5172,2.18975
ETH-USD,hybrid,prints-only,58,0.235539,0.0760881,1.01856e+06,31873.1,0.231543,0.0209803,1.03037e+06,14849.1,0.633852,0.0342424,1,2.7731e-11,0.18025,0.058896,1.24866,1.12036,16.1974,0.588962,1.24866,1.12036,16.1964,0.589159,5.08624e-12,1.88693e-10,17.4451,1.45488,4.31034e-12,4.28108e-12,17.4451,1.45488,1.2032,0.151771,1.13324,0.301587,1.30734,0.764598,0.899367,0.231611,0.86221,0.359466,0.712184,0.794305,0.168421,0.308716,42.4036,0.16345,16.6207,0.951822,15.5,0.947445,0,0,0,0,2,0.578497,16.0517,2.91466,0,0
ETH-USD,passive,prints+quotes,58,0.235539,0.0760881,1.01856e+06,31873.1,0.231543,0.0209803,1.03037e+06,14849.1,0.633852,0.0342424,1,4.20321e-11,1,0,0.901225,0.573077,8,1.84164e-16,0.901225,0.573077,7.99987,0.000494123,5.01725e-11,2.41249e-10,8.9011,0.572838,7.24138e-12,5.57618e-12,8.9011,0.572838,0.837913,0.164182,0.846725,0.328262,0.985964,0.844086,0.837913,0.164182,0.846725,0.328262,0.985964,0.844086,0.244151,0.318607,19.8789,3.30419,7.24138,1.26844,6.24138,1.26844,0,0,0,0,0.948276,0.458414,6.65517,1.64865,11.7241,2.22165
ETH-USD,passive,prints-only,58,0.235539,0.0760881,1.01856e+06,31873.1,0.231543,0.0209803,1.03037e+06,14849.1,0.633852,0.0342424,0.280097,0.0707483,1,0,0.650645,0.984213,8,1.79118e-16,-0.145726,0.397782,2.24049,0.565811,0.509415,1.02972,2.60418,1.21495,0.788236,0.112765,16.3508,1.66695,1.00859,0.224516,0.922624,0.293544,0.850436,0.696335,1.00859,0.224516,0.922624,0.293544,0.850436,0.696335,0.943583,0.294568,54.3929,1.56175,21.431,1.19854,21.2586,1.19509,0,0,0.0303068,0.034444,2.94828,0.725403,23.2931,3.70889,0,0
