product,regime,config,n,arrival_spread_bps,arrival_spread_bps_ci95,arrival_depth10_usd,arrival_depth10_usd_ci95,path_spread_bps_mean,path_spread_bps_mean_ci95,path_depth10_usd_median,path_depth10_usd_median_ci95,path_vol_bps_sqrt_s,path_vol_bps_sqrt_s_ci95,fill_rate,fill_rate_ci95,maker_share,maker_share_ci95,slippage_bps,slippage_bps_ci95,fee_bps,fee_bps_ci95,exec_cost_bps,exec_cost_bps_ci95,fee_cost_bps,fee_cost_bps_ci95,opportunity_cost_bps,opportunity_cost_bps_ci95,is_bps,is_bps_ci95,cleanup_exec_bps,cleanup_exec_bps_ci95,is_completed_bps,is_completed_bps_ci95,adverse_sel_bps_1s_all,adverse_sel_bps_1s_all_ci95,adverse_sel_bps_5s_all,adverse_sel_bps_5s_all_ci95,adverse_sel_bps_30s_all,adverse_sel_bps_30s_all_ci95,adverse_sel_bps_1s_maker,adverse_sel_bps_1s_maker_ci95,adverse_sel_bps_5s_maker,adverse_sel_bps_5s_maker_ci95,adverse_sel_bps_30s_maker,adverse_sel_bps_30s_maker_ci95,post_fill_drift_bps_5s_all,post_fill_drift_bps_5s_all_ci95,time_to_last_fill_s,time_to_last_fill_s_ci95,n_children,n_children_ci95,n_cancel_requests,n_cancel_requests_ci95,blind_s,blind_s_ci95,fills_after_deadline_qty,fills_after_deadline_qty_ci95,maker_fills_by_queue,maker_fills_by_queue_ci95,maker_fills_by_tradethrough,maker_fills_by_tradethrough_ci95,maker_fills_by_cross,maker_fills_by_cross_ci95
BTC-USD,calm_deep,aggressive,120,0.109037,0.0182218,2.17385e+06,35714.7,0.121595,0.000805618,2.17197e+06,4898.34,0.563289,0.00993469,1,6.8559e-10,0,0,0.165814,0.0190239,18,1.74813e-16,0.165814,0.0190239,18,6.35306e-05,-6.64283e-19,2.97678e-09,18.1658,0.019031,1.12333e-10,4.73653e-11,18.1658,0.019031,0.165812,0.100707,0.165814,0.200046,0.165812,0.581324,,,,,,,7.40149e-18,0.203328,0.0465758,0.00388602,1,0,0,0,0,0,0,0,0,0,0,0,0,0
BTC-USD,calm_deep,hybrid,120,0.109037,0.0182218,2.17385e+06,35714.7,0.121595,0.000805618,2.17197e+06,4898.34,0.563289,0.00993469,1,7.69883e-10,1,0,0.233816,0.0870734,8,1.14707e-16,0.233816,0.0870734,7.99995,7.67289e-05,1.06958e-10,2.83276e-09,8.23376,0.0870445,1.29375e-10,5.12689e-11,8.23376,0.0870445,0.217093,0.101842,0.217466,0.214309,0.22926,0.556786,0.217093,0.101842,0.217466,0.214309,0.22926,0.556786,-0.0537144,0.208496,1.47944,0.211666,1.71667,0.179947,0.716667,0.179947,0,0,0,0,0,0,1.43333,0.27024,3.66667,0.238062
BTC-USD,calm_deep,hybrid|prints-only,120,0.109037,0.0182218,2.17385e+06,35714.7,0.121595,0.000805618,2.17197e+06,4898.34,0.563289,0.00993469,1,8.29643e-10,0.474438,0.0593624,0.286853,0.549757,13.2557,0.593625,0.286853,0.549757,13.2563,0.593714,-3.55875e-10,3.77412e-09,13.5431,0.861164,2.03958e-10,7.0591e-11,13.5431,0.861164,0.204088,0.0790274,0.216498,0.159747,0.280997,0.49644,0.278781,0.0711917,0.259578,0.160469,0.188941,0.491508,0.0703904,0.156737,39.3901,1.31215,29.425,1.15878,28.3167,1.15046,0,0,0,0,0.166667,0.0965713,44.2,1.78917,0,0
BTC-USD,calm_deep,passive,120,0.109037,0.0182218,2.17385e+06,35714.7,0.121595,0.000805618,2.17197e+06,4898.34,0.563289,0.00993469,1,7.69883e-10,1,0,0.233816,0.0870734,8,1.14707e-16,0.233816,0.0870734,7.99995,7.67289e-05,1.06958e-10,2.83276e-09,8.23376,0.0870445,1.29375e-10,5.12689e-11,8.23376,0.0870445,0.217093,0.101842,0.217466,0.214309,0.22926,0.556786,0.217093,0.101842,0.217466,0.214309,0.22926,0.556786,-0.0537144,0.208496,1.47944,0.211666,1.71667,0.179947,0.716667,0.179947,0,0,0,0,0,0,1.43333,0.27024,3.66667,0.238062
BTC-USD,calm_deep,passive|prints-only,120,0.109037,0.0182218,2.17385e+06,35714.7,0.121595,0.000805618,2.17197e+06,4898.34,0.563289,0.00993469,0.603519,0.0588245,1,0,0.264604,0.479194,8,1.34308e-16,0.203396,0.350694,4.8283,0.470622,0.155171,0.355052,5.18686,0.733579,0.0522063,0.0118239,12.3765,0.817575,0.292929,0.0658853,0.297795,0.145018,0.309897,0.451293,0.292929,0.0658853,0.297795,0.145018,0.309897,0.451293,0.166254,0.140745,52.3837,2.34002,38.4083,1.89914,37.9667,1.9458,0,0,2.55408e-06,4.32489e-06,0.2,0.100038,60.0917,2.84844,0,0
BTC-USD,calm_thin,aggressive,120,2.15159,0.061336,408054,8749.43,2.073,0.0144093,420869,2870.23,0.316428,0.0110108,1,6.98628e-10,0,0,2.02727,0.0614493,18,2.1803e-16,2.02727,0.0614493,17.9999,0.000664709,-1.04139e-17,4.23694e-09,20.0272,0.0613434,2.5715e-09,7.50999e-10,20.0272,0.0613434,2.02731,0.0817901,2.02734,0.1898,2.02737,0.620344,,,,,,,-5.55112e-18,0.173595,0.0433755,0.00276857,1,0,0,0,0,0,0,0,0,0,0,0,0,0
BTC-USD,calm_thin,hybrid,120,2.15159,0.061336,408054,8749.43,2.073,0.0144093,420869,2870.23,0.316428,0.0110108,1,9.12732e-10,0.327298,0.0468887,0.806253,0.67091,14.727,0.468885,0.806253,0.67091,14.7276,0.468913,-3.34583e-10,5.59629e-09,15.5339,0.923424,3.94317e-09,9.59369e-10,15.5339,0.923424,0.941199,0.151982,0.872788,0.218934,0.868739,0.452928,-0.883177,0.0590626,-1.0042,0.150438,-1.19227,0.447276,-0.0325578,0.135655,41.2793,0.806196,11.5083,0.602639,10.5083,0.602639,0,0,0,0,0.0166667,0.0230016,60.1583,2.89955,0,0
BTC-USD,calm_thin,hybrid|prints-only,120,2.15159,0.061336,408054,8749.43,2.073,0.0144093,420869,2870.23,0.316428,0.0110108,1,9.12732e-10,0.327298,0.0468887,0.806253,0.67091,14.727,0.468885,0.806253,0.67091,14.7276,0.468913,-3.34583e-10,5.59629e-09,15.5339,0.923424,3.94317e-09,9.59369e-10,15.5339,0.923424,0.941199,0.151982,0.872788,0.218934,0.868739,0.452928,-0.883177,0.0590626,-1.0042,0.150438,-1.19227,0.447276,-0.0325578,0.135655,41.2793,0.806196,11.5083,0.602639,10.5083,0.602639,0,0,0,0,0.0166667,0.0230016,60.1583,2.89955,0,0
BTC-USD,calm_thin,passive,120,2.15159,0.061336,408054,8749.43,2.073,0.0144093,420869,2870.23,0.316428,0.0110108,0.443801,0.0503985,1,0,-1.2792,0.533647,8,1.36658e-16,-0.639516,0.291205,3.55055,0.40319,0.101991,0.513342,3.01302,0.730393,0.9366,0.099168,13.9618,1.00563,-0.868068,0.0571012,-1.01387,0.142479,-1.17002,0.377605,-0.868068,0.0571012,-1.01387,0.142479,-1.17002,0.377605,-0.0683499,0.130315,56.2171,1.50137,14.0833,0.732625,13.9833,0.751978,0,0,1.17293e-05,1.62783e-05,0.108333,0.132836,84.85,3.65556,0,0
BTC-USD,calm_thin,passive|prints-only,120,2.15159,0.061336,408054,8749.43,2.073,0.0144093,420869,2870.23,0.316428,0.0110108,0.443801,0.0503985,1,0,-1.2792,0.533647,8,1.36658e-16,-0.639516,0.291205,3.55055,0.40319,0.101991,0.513342,3.01302,0.730393,0.9366,0.099168,13.9618,1.00563,-0.868068,0.0571012,-1.01387,0.142479,-1.17002,0.377605,-0.868068,0.0571012,-1.01387,0.142479,-1.17002,0.377605,-0.0683499,0.130315,56.2171,1.50137,14.0833,0.732625,13.9833,0.751978,0,0,1.17293e-05,1.62783e-05,0.108333,0.132836,84.85,3.65556,0,0
BTC-USD,volatile_deep,aggressive,120,0.212443,0.034291,2.37106e+06,45989.9,0.173381,0.00127699,2.32972e+06,4092.87,2.61539,0.0880221,1,6.38547e-10,0,0,0.305348,0.0323646,18,1.64815e-16,0.305348,0.0323646,18,0.000114624,1.09498e-16,1.61228e-08,18.3053,0.0323561,2.0125e-10,9.13503e-11,18.3053,0.0323561,0.305342,0.433108,0.305382,1.09837,0.305382,2.7983,,,,,,,-2.96059e-17,1.10087,0.0449775,0.00311529,1,0,0,0,0,0,0,0,0,0,0,0,0,0
BTC-USD,volatile_deep,hybrid,120,0.212443,0.034291,2.37106e+06,45989.9,0.173381,0.00127699,2.32972e+06,4092.87,2.61539,0.0880221,1,6.55573e-10,1,0,0.830158,0.418086,8,1.29481e-16,0.830158,0.418086,7.99974,0.000351953,-3.18304e-09,1.50435e-08,8.8299,0.417849,2.38042e-10,1.02838e-10,8.8299,0.417849,0.763426,0.39985,0.858352,1.03963,1.12641,2.80483,0.763426,0.39985,0.858352,1.03963,1.12641,2.80483,0.164737,1.03377,0.826114,0.135245,1.825,0.209613,0.808333,0.205247,0,0,0,0,0,0,1.24167,0.246569,2.35,0.173037
BTC-USD,volatile_deep,hybrid|prints-only,120,0.212443,0.034291,2.37106e+06,45989.9,0.173381,0.00127699,2.32972e+06,4092.87,2.61539,0.0880221,1,8.01974e-10,0.813269,0.0418704,1.6024,2.10889,9.86724,0.418682,1.6024,2.10889,9.86776,0.418494,1.16309e-08,2.20914e-08,11.4702,2.20411,3.375e-10,1.17566e-10,11.4702,2.20411,1.4059,0.351546,1.4401,0.753894,1.45597,1.84659,1.54222,0.331377,1.75362,0.783799,1.10579,1.94177,0.866495,0.74989,34.4929,1.83342,53.575,2.8796,52.2333,2.84662,0,0,0,0,0.05,0.0455132,68.6417,3.65299,0,0
BTC-USD,volatile_deep,passive,120,0.212443,0.034291,2.37106e+06,45989.9,0.173381,0.00127699,2.32972e+06,4092.87,2.61539,0.0880221,1,6.55573e-10,1,0,0.830158,0.418086,8,1.29481e-16,0.830158,0.418086,7.99974,0.000351953,-3.18304e-09,1.50435e-08,8.8299,0.417849,2.38042e-10,1.02838e-10,8.8299,0.417849,0.763426,0.39985,0.858352,1.03963,1.12641,2.80483,0.763426,0.39985,0.858352,1.03963,1.12641,2.80483,0.164737,1.03377,0.826114,0.135245,1.825,0.209613,0.808333,0.205247,0,0,0,0,0,0,1.24167,0.246569,2.35,0.173037
BTC-USD,volatile_deep,passive|prints-only,120,0.212443,0.034291,2.37106e+06,45989.9,0.173381,0.00127699,2.32972e+06,4092.87,2.61539,0.0880221,0.94271,0.0233409,1,0,1.75631,2.03999,8,1.29481e-16,1.5989,1.95027,7.54258,0.186812,0.0912773,0.439024,9.23276,2.08977,0.0116275,0.00766867,10.2754,2.11136,1.54479,0.319868,1.79131,0.734704,1.55738,1.89316,1.54479,0.319868,1.79131,0.734704,1.55738,1.89316,1.1233,0.733233,40.5702,2.85947,62.625,4.42643,61.475,4.42982,0,0,0.00117993,0.00223096,0.0583333,0.0480763,81.2917,5.58478,0,0
BTC-USD,volatile_thin,aggressive,120,2.51205,0.119517,373534,13486.4,2.67469,0.013265,379670,2199.59,2.30928,0.0777428,1,6.38605e-10,0,0,3.04104,0.179231,18,1.74813e-16,3.04104,0.179231,17.9999,0.0010349,-2.66945e-16,1.1251e-08,21.0409,0.179156,2.70175e-09,9.58807e-10,21.0409,0.179156,3.04098,0.484486,3.04106,1.07916,3.04162,2.32137,,,,,,,-8.14164e-17,1.06144,0.0432337,0.00290982,1,0,0,0,0,0,0,0,0,0,0,0,0,0
BTC-USD,volatile_thin,hybrid,120,2.51205,0.119517,373534,13486.4,2.67469,0.013265,379670,2199.59,2.30928,0.0777428,1,9.12506e-10,0.791658,0.0446396,0.482362,1.82408,10.0836,0.446434,0.482362,1.82408,10.0857,0.446589,-3.86029e-09,2.12511e-08,10.568,1.95478,5.01667e-09,1.22301e-09,10.568,1.95478,1.30809,0.570634,0.788231,0.773973,0.417104,1.89157,0.916563,0.597194,0.464019,0.776414,0.0224062,1.89842,-0.293187,0.663842,33.1776,2.31317,39.5333,2.85344,38.5833,2.85001,0,0,0,0,0.00833333,0.0163333,88.425,5.52883,3.525,0.458643
BTC-USD,volatile_thin,hybrid|prints-only,120,2.51205,0.119517,373534,13486.4,2.67469,0.013265,379670,2199.59,2.30928,0.0777428,1,8.10556e-10,0.606638,0.0538645,0.167615,2.05678,11.9339,0.538655,0.167615,2.05678,11.9373,0.539029,1.29679e-09,1.85071e-08,12.105,2.20386,4.41229e-09,1.0758e-09,12.105,2.20386,0.265361,0.31876,-0.229844,0.696318,-0.36827,1.85876,-0.987993,0.228611,-1.46152,0.613493,-1.37833,1.91456,-0.518198,0.666548,38.1263,1.68803,45.6083,2.14385,44.65,2.14038,0,0,0,0,0.00833333,0.0163333,102.658,4.08774,0,0
BTC-USD,volatile_thin,passive,120,2.51205,0.119517,373534,13486.4,2.67469,0.013265,379670,2199.59,2.30928,0.0777428,0.926507,0.0268271,1,0,-0.095764,1.74215,8,1.26999e-16,-0.415271,1.59037,7.41336,0.214571,0.823343,0.625492,7.82143,1.84366,0.157774,0.0710749,9.30275,2.02511,0.896885,0.596064,0.370735,0.776748,-0.0478929,1.81073,0.896885,0.596064,0.370735,0.776748,-0.0478929,1.81073,-0.222096,0.630936,40.2232,3.3669,47.2917,4.03567,46.6083,4.0814,0,0,0.000121003,0.000176319,0.00833333,0.0163333,107.45,8.11387,4.075,0.489952
BTC-USD,volatile_thin,passive|prints-only,120,2.51205,0.119517,373534,13486.4,2.67469,0.013265,379670,2199.59,2.30928,0.0777428,0.77189,0.0451727,1,0,-1.03844,1.91293,8,1.37432e-16,-0.911282,1.44526,6.17656,0.361393,0.35973,1.20034,5.62501,2.22272,0.545074,0.12835,10.2777,2.36149,-0.99997,0.2291,-1.3337,0.579195,-1.55185,1.70909,-0.99997,0.2291,-1.3337,0.579195,-1.55185,1.70909,-0.203309,0.568183,49.7048,2.77937,58.3167,3.35793,57.95,3.41685,0,0,0.000736884,0.00105941,0.00833333,0.0163333,134.6,6.54161,0,0
ETH-USD,calm_deep,aggressive,120,0.210246,0.016895,1.49523e+06,34825.4,0.225083,0.00130733,1.56598e+06,10022.3,0.644795,0.00921411,1,3.92526e-11,0,0,0.376625,0.0249546,18,2.60596e-16,0.376625,0.0249546,18,0.000129707,-1.25085e-16,3.01669e-10,18.3767,0.0249753,1.83333e-11,5.69752e-12,18.3767,0.0249753,0.37662,0.114179,0.376626,0.325568,0.376642,0.724111,,,,,,,-1.85037e-17,0.327294,0.0449545,0.00260547,1,0,0,0,0,0,0,0,0,0,0,0,0,0
ETH-USD,calm_deep,hybrid,120,0.210246,0.016895,1.49523e+06,34825.4,0.225083,0.00130733,1.56598e+06,10022.3,0.644795,0.00921411,1,3.41369e-11,1,0,0.431043,0.177334,8,1.35879e-16,0.431043,0.177334,7.99997,0.000154732,5.98334e-11,2.74423e-10,8.43102,0.177343,2.03333e-11,5.48264e-12,8.43102,0.177343,0.418013,0.111993,0.440715,0.303927,0.390888,0.715146,0.418013,0.111993,0.440715,0.303927,0.390888,0.715146,0.0983121,0.299508,2.58501,0.335629,2.70833,0.335653,1.7,0.335015,0,0,0,0,0.05,0.0391588,0.583333,0.154879,5.775,0.315037
ETH-USD,calm_deep,hybrid|prints-only,120,0.210246,0.016895,1.49523e+06,34825.4,0.225083,0.00130733,1.56598e+06,10022.3,0.644795,0.00921411,1,2.75365e-11,0.218577,0.0372873,0.375824,0.755479,15.8143,0.372871,0.375824,0.755479,15.8153,0.372935,-1.13958e-10,1.69518e-10,16.1912,0.910155,1.24167e-11,3.72394e-12,16.1912,0.910155,0.332283,0.102896,0.364528,0.216612,0.27684,0.634794,0.253023,0.0807238,0.110825,0.1749,-0.0161991,0.561712,0.0585267,0.218949,41.7332,0.594327,35.4917,0.784547,34.3667,0.789993,0,0,0,0,0.658333,0.154727,13.575,0.784433,0,0
ETH-USD,calm_deep,passive,120,0.210246,0.016895,1.49523e+06,34825.4,0.225083,0.00130733,1.56598e+06,10022.3,0.644795,0.00921411,1,3.41369e-11,1,0,0.431043,0.177334,8,1.35879e-16,0.431043,0.177334,7.99997,0.000154732,5.98334e-11,2.74423e-10,8.43102,0.177343,2.03333e-11,5.48264e-12,8.43102,0.177343,0.418013,0.111993,0.440715,0.303927,0.390888,0.715146,0.418013,0.111993,0.440715,0.303927,0.390888,0.715146,0.0983121,0.299508,2.58501,0.335629,2.70833,0.335653,1.7,0.335015,0,0,0,0,0.05,0.0391588,0.583333,0.154879,5.775,0.315037
ETH-USD,calm_deep,passive|prints-only,120,0.210246,0.016895,1.49523e+06,34825.4,0.225083,0.00130733,1.56598e+06,10022.3,0.644795,0.00921411,0.30091,0.0388802,1,0,0.130469,0.65017,8,1.35096e-16,-0.0952315,0.229272,2.40737,0.311052,0.250555,0.777894,2.56269,0.936027,0.236076,0.0253721,15.3831,1.06876,0.228422,0.0734276,0.115511,0.158668,0.060535,0.557031,0.228422,0.0734276,0.115511,0.158668,0.060535,0.557031,0.0274222,0.156243,56.4167,1.07567,48.8333,1.08335,48.65,1.10214,0,0,0.00312686,0.0042489,1,0.192678,19.5917,0.92623,0,0
ETH-USD,calm_thin,aggressive,120,2.30287,0.0756158,228462,4762.38,2.22263,0.0155516,242114,2129.19,0.404377,0.0113144,1,3.82242e-11,0,0,3.21198,0.0904233,18,1.64815e-16,3.21198,0.0904233,18,0.00105143,6.54291e-18,2.33625e-10,21.212,0.0905169,1.67833e-10,4.20585e-11,21.212,0.0905169,3.21194,0.123073,3.21184,0.258026,3.21205,0.605266,,,,,,,-9.25186e-19,0.23671,0.0464621,0.00249534,1,0,0,0,0,0,0,0,0,0,0,0,0,0
ETH-USD,calm_thin,hybrid,120,2.30287,0.0756158,228462,4762.38,2.22263,0.0155516,242114,2129.19,0.404377,0.0113144,1,3.20353e-11,0.193755,0.031637,2.0568,0.67861,16.0625,0.316372,2.0568,0.67861,16.0625,0.316231,6.27917e-11,2.24036e-10,18.1193,0.841072,1.69458e-10,3.87626e-11,18.1193,0.841072,2.02601,0.161801,2.00875,0.27407,2.0448,0.602542,-0.86966,0.0609547,-0.963862,0.165756,-0.930634,0.600972,0.00896093,0.225228,42.1514,0.0093845,14.1167,0.573446,13.1167,0.573446,0,0,0,0,0.466667,0.179573,21.5917,1.44047,0,0
ETH-USD,calm_thin,hybrid|prints-only,120,2.30287,0.0756158,228462,4762.38,2.22263,0.0155516,242114,2129.19,0.404377,0.0113144,1,3.20353e-11,0.193755,0.031637,2.0568,0.67861,16.0625,0.316372,2.0568,0.67861,16.0625,0.316231,6.27917e-11,2.24036e-10,18.1193,0.841072,1.69458e-10,3.87626e-11,18.1193,0.841072,2.02601,0.161801,2.00875,0.27407,2.0448,0.602542,-0.86966,0.0609547,-0.963862,0.165756,-0.930634,0.600972,0.00896093,0.225228,42.1514,0.0093845,14.1167,0.573446,13.1167,0.573446,0,0,0,0,0.466667,0.179573,21.5917,1.44047,0,0
ETH-USD,calm_thin,passive,120,2.30287,0.0756158,228462,4762.38,2.22263,0.0155516,242114,2129.19,0.404377,0.0113144,0.266817,0.0375981,1,0,-0.975011,0.507906,8,1.10945e-16,-0.386138,0.196908,2.13463,0.300838,0.253465,0.651996,2.00196,0.735214,1.92922,0.132226,17.1287,0.979318,-0.86407,0.0567209,-0.98192,0.156912,-1.05456,0.547835,-0.86407,0.0567209,-0.98192,0.156912,-1.05456,0.547835,-0.00501104,0.151636,56.4074,0.667207,18.5667,0.684069,18.55,0.686862,0,0,0.0460873,0.0813785,0.816667,0.250882,30.2667,1.73266,0,0
ETH-USD,calm_thin,passive|prints-only,120,2.30287,0.0756158,228462,4762.38,2.22263,0.0155516,242114,2129.19,0.404377,0.0113144,0.266817,0.0375981,1,0,-0.975011,0.507906,8,1.10945e-16,-0.386138,0.196908,2.13463,0.300838,0.253465,0.651996,2.00196,0.735214,1.92922,0.132226,17.1287,0.979318,-0.86407,0.0567209,-0.98192,0.156912,-1.05456,0.547835,-0.86407,0.0567209,-0.98192,0.156912,-1.05456,0.547835,-0.00501104,0.151636,56.4074,0.667207,18.5667,0.684069,18.55,0.686862,0,0,0.0460873,0.0813785,0.816667,0.250882,30.2667,1.73266,0,0
ETH-USD,volatile_deep,aggressive,120,0.282553,0.03465,1.56677e+06,47573.6,0.308584,0.00177709,1.54393e+06,4350.25,3.06757,0.0959455,1,3.10352e-11,0,0,0.659733,0.0651084,18,2.01857e-16,0.659733,0.0651084,18,0.00024343,-1.96554e-16,9.59558e-10,18.6597,0.065097,1.56667e-11,5.54145e-12,18.6597,0.065097,0.659729,0.510408,0.659616,1.42716,0.659378,3.5507,,,,,,,3.10862e-16,1.42999,0.0551739,0.0180829,1,0,0,0,0,0,0,0,0,0,0,0,0,0
ETH-USD,volatile_deep,hybrid,120,0.282553,0.03465,1.56677e+06,47573.6,0.308584,0.00177709,1.54393e+06,4350.25,3.06757,0.0959455,1,2.94908e-11,1,0,1.35391,0.504971,8,1.46404e-16,1.35391,0.504971,7.99994,0.000448282,-2.20333e-10,9.32228e-10,9.35385,0.50485,1.72083e-11,5.19422e-12,9.35385,0.50485,1.32824,0.602708,1.56057,1.39501,1.60696,3.4888,1.32824,0.602708,1.56057,1.39501,1.60696,3.4888,0.364932,1.38406,1.14167,0.164372,2.28333,0.259526,1.275,0.257213,0,0,0,0,0.0333333,0.0397272,0.55,0.170216,3.19167,0.209142
ETH-USD,volatile_deep,hybrid|prints-only,120,0.282553,0.03465,1.56677e+06,47573.6,0.308584,0.00177709,1.54393e+06,4350.25,3.06757,0.0959455,1,2.80752e-11,0.506629,0.0493749,1.29707,3.20431,12.9337,0.493765,1.29707,3.20431,12.9283,0.493399,-1.08125e-10,9.48024e-10,14.2254,3.32063,1.9875e-11,5.88579e-12,14.2254,3.32063,1.43296,0.424856,1.05377,0.893086,1.08953,2.79205,2.1018,0.497373,1.45445,0.865578,1.52254,2.59995,0.395174,0.892717,40.708,0.951712,64.5667,1.53613,63.15,1.51673,0,0,0,0,0.408333,0.119398,23.65,0.942113,0,0
ETH-USD,volatile_deep,passive,120,0.282553,0.03465,1.56677e+06,47573.6,0.308584,0.00177709,1.54393e+06,4350.25,3.06757,0.0959455,1,2.94908e-11,1,0,1.35391,0.504971,8,1.46404e-16,1.35391,0.504971,7.99994,0.000448282,-2.20333e-10,9.32228e-10,9.35385,0.50485,1.72083e-11,5.19422e-12,9.35385,0.50485,1.32824,0.602708,1.56057,1.39501,1.60696,3.4888,1.32824,0.602708,1.56057,1.39501,1.60696,3.4888,0.364932,1.38406,1.14167,0.164372,2.28333,0.259526,1.275,0.257213,0,0,0,0,0.0333333,0.0397272,0.55,0.170216,3.19167,0.209142
ETH-USD,volatile_deep,passive|prints-only,120,0.282553,0.03465,1.56677e+06,47573.6,0.308584,0.00177709,1.54393e+06,4350.25,3.06757,0.0959455,0.70349,0.045434,1,0,1.14202,2.97861,8,1.41989e-16,0.64793,2.29378,5.62578,0.363343,0.807455,1.84331,7.08117,3.38395,0.105242,0.0235349,12.5218,3.46623,2.23064,0.4193,1.64787,0.777959,1.06524,2.35207,2.23064,0.4193,1.64787,0.777959,1.06524,2.35207,0.884459,0.780408,54.2615,1.7839,86.8583,2.87236,86.1,2.90635,0,0,0.0188395,0.0263001,0.491667,0.133241,32.3167,1.26793,0,0
ETH-USD,volatile_thin,aggressive,120,2.99644,0.141673,176196,10305,2.96783,0.0130817,175987,2006.99,2.61436,0.0776588,1,3.47806e-11,0,0,4.78686,0.303053,18,2.60596e-16,4.78686,0.303053,17.9999,0.0016413,-5.55704e-17,1.00548e-09,22.7867,0.303166,1.74083e-10,5.85486e-11,22.7867,0.303166,4.78692,0.551562,4.78581,1.29498,4.78357,2.74571,,,,,,,-1.03621e-16,1.20877,0.0419306,0.00240663,1,0,0,0,0,0,0,0,0,0,0,0,0,0
ETH-USD,volatile_thin,hybrid,120,2.99644,0.141673,176196,10305,2.96783,0.0130817,175987,2006.99,2.61436,0.0776588,1,2.71953e-11,0.526235,0.0465388,2.31754,2.71585,12.737,0.465322,2.31754,2.71585,12.7272,0.464247,-5.4225e-10,8.31912e-10,15.0448,2.90711,1.79042e-10,4.63032e-11,15.0448,2.90711,2.2822,0.49351,2.18126,0.74478,1.77232,2.24196,0.688132,0.440485,0.190315,0.665692,-0.541573,2.07855,-0.0908164,0.664684,40.0026,1.19929,50.05,1.61453,49.0583,1.60609,0,0,0,0,0.375,0.122877,35.3167,1.70626,5.14167,0.652081
ETH-USD,volatile_thin,hybrid|prints-only,120,2.99644,0.141673,176196,10305,2.96783,0.0130817,175987,2006.99,2.61436,0.0776588,1,2.72508e-11,0.317322,0.0421505,2.56538,3.00557,14.8263,0.42149,2.56538,3.00557,14.8139,0.42052,9.92917e-11,9.06759e-10,17.3793,3.06754,1.81792e-10,4.73572e-11,17.3793,3.06754,2.54634,0.564346,2.46425,0.903456,2.35648,2.50184,-1.03041,0.23627,-1.60142,0.64453,-1.40544,2.2005,-0.091821,0.840797,41.4332,0.723103,51.875,1.1082,50.85,1.10968,0,0,0,0,0.391667,0.123387,36.7333,1.79009,0,0
ETH-USD,volatile_thin,passive,120,2.99644,0.141673,176196,10305,2.96783,0.0130817,175987,2006.99,2.61436,0.0776588,0.739842,0.0437066,1,0,-0.346209,2.31845,8,1.17449e-16,-1.05347,1.77813,5.9157,0.349584,1.76467,1.53629,6.6269,2.67451,0.91157,0.18273,12.216,2.99667,0.886198,0.407226,0.37074,0.642868,-0.385429,2.04758,0.886198,0.407226,0.37074,0.642868,-0.385429,2.04758,-0.201867,0.520059,53.491,2.11518,67.1667,2.74076,66.8917,2.78655,0,0,0.0299079,0.0400216,0.558333,0.155248,48.9333,2.15779,7.44167,0.798415
ETH-USD,volatile_thin,passive|prints-only,120,2.99644,0.141673,176196,10305,2.96783,0.0130817,175987,2006.99,2.61436,0.0776588,0.452461,0.0428903,1,0,-1.53563,2.40849,8,1.12841e-16,-0.825572,1.1758,3.6177,0.342977,0.229994,2.55084,3.02213,3.33601,2.24548,0.255572,15.114,3.41796,-0.973088,0.220861,-1.63293,0.598903,-1.69138,2.02906,-0.973088,0.220861,-1.63293,0.598903,-1.69138,2.02906,-0.447534,0.59257,56.9898,1.30283,71.85,1.79518,71.75,1.83411,0,0,0.0318659,0.0400922,0.583333,0.154879,52.4583,1.94248,0,0
