regime,notional,config,n,arrival_spread_bps,arrival_spread_bps_ci95,arrival_depth10_usd,arrival_depth10_usd_ci95,path_spread_bps_mean,path_spread_bps_mean_ci95,path_depth10_usd_median,path_depth10_usd_median_ci95,path_vol_bps_sqrt_s,path_vol_bps_sqrt_s_ci95,fill_rate,fill_rate_ci95,maker_share,maker_share_ci95,slippage_bps,slippage_bps_ci95,fee_bps,fee_bps_ci95,exec_cost_bps,exec_cost_bps_ci95,fee_cost_bps,fee_cost_bps_ci95,opportunity_cost_bps,opportunity_cost_bps_ci95,is_bps,is_bps_ci95,cleanup_exec_bps,cleanup_exec_bps_ci95,is_completed_bps,is_completed_bps_ci95,adverse_sel_bps_1s_all,adverse_sel_bps_1s_all_ci95,adverse_sel_bps_5s_all,adverse_sel_bps_5s_all_ci95,adverse_sel_bps_30s_all,adverse_sel_bps_30s_all_ci95,adverse_sel_bps_1s_maker,adverse_sel_bps_1s_maker_ci95,adverse_sel_bps_5s_maker,adverse_sel_bps_5s_maker_ci95,adverse_sel_bps_30s_maker,adverse_sel_bps_30s_maker_ci95,post_fill_drift_bps_5s_all,post_fill_drift_bps_5s_all_ci95,time_to_last_fill_s,time_to_last_fill_s_ci95,n_children,n_children_ci95,n_cancel_requests,n_cancel_requests_ci95,blind_s,blind_s_ci95,fills_after_deadline_qty,fills_after_deadline_qty_ci95,maker_fills_by_queue,maker_fills_by_queue_ci95,maker_fills_by_tradethrough,maker_fills_by_tradethrough_ci95,maker_fills_by_cross,maker_fills_by_cross_ci95
calm_deep,10000,aggressive,40,0.139598,0.0299314,2.19217e+06,69808.4,0.121989,0.00164238,2.17322e+06,8549.12,0.572116,0.0165695,1,0,0,0,0.0749979,0.0150945,18,3.05362e-16,0.0749979,0.0150945,18,5.03278e-05,0,0,18.075,0.0150951,0,0,18.075,0.0150951,0.0749974,0.186432,0.0749944,0.473108,0.074992,1.34693,,,,,,,5.55112e-18,0.472325,0.0456263,0.00526485,1,0,0,0,0,0,0,0,0,0,0,0,0,0
calm_deep,10000,hybrid,40,0.139598,0.0299314,2.19217e+06,69808.4,0.121989,0.00164238,2.17322e+06,8549.12,0.572116,0.0165695,1,1.90851e-17,1,0,0.216778,0.144835,8,2.20376e-16,0.216778,0.144835,8.00001,0.000127943,-4.41435e-17,5.11591e-17,8.21679,0.144838,0,0,8.21679,0.144838,0.189166,0.196722,0.239369,0.476203,0.163467,1.32127,0.189166,0.196722,0.239369,0.476203,0.163467,1.32127,0.0760813,0.470447,0.9702,0.31683,1.45,0.242601,0.45,0.242601,0,0,0,0,0,0,0.6,0.287649,1.1,0.117432
calm_deep,10000,hybrid|prints-only,40,0.139598,0.0299314,2.19217e+06,69808.4,0.121989,0.00164238,2.17322e+06,8549.12,0.572116,0.0165695,1,5.902e-09,0.90079,0.0695209,0.382075,0.796181,8.99211,0.695221,0.382075,0.796181,8.99158,0.694928,5.5275e-09,3.36006e-08,9.37365,1.12421,1.3e-10,1.79088e-10,9.37365,1.12421,0.264822,0.133189,0.279581,0.3223,0.477605,1.06279,0.257146,0.134757,0.240216,0.30882,0.378589,0.992686,0.152652,0.323702,22.4518,4.79718,16.95,3.52014,15.825,3.4651,0,0,0,0,0.125,0.14361,24.55,5.11392,0,0
calm_deep,10000,passive,40,0.139598,0.0299314,2.19217e+06,69808.4,0.121989,0.00164238,2.17322e+06,8549.12,0.572116,0.0165695,1,1.90851e-17,1,0,0.216778,0.144835,8,2.20376e-16,0.216778,0.144835,8.00001,0.000127943,-4.41435e-17,5.11591e-17,8.21679,0.144838,0,0,8.21679,0.144838,0.189166,0.196722,0.239369,0.476203,0.163467,1.32127,0.189166,0.196722,0.239369,0.476203,0.163467,1.32127,0.0760813,0.470447,0.9702,0.31683,1.45,0.242601,0.45,0.242601,0,0,0,0,0,0,0.6,0.287649,1.1,0.117432
calm_deep,10000,passive|prints-only,40,0.139598,0.0299314,2.19217e+06,69808.4,0.121989,0.00164238,2.17322e+06,8549.12,0.572116,0.0165695,0.982312,0.025042,1,0,0.341296,0.761429,8,2.68099e-16,0.306139,0.752074,7.8581,0.200275,0.0573343,0.0798705,8.22157,0.750702,0.00268768,0.00490057,8.54263,0.852282,0.25565,0.134337,0.269631,0.308132,0.472502,1.04197,0.25565,0.134337,0.269631,0.308132,0.472502,1.04197,0.139811,0.307996,24.5732,5.76934,18.325,4.1414,17.25,4.11298,0,0,0,0,0.125,0.14361,27.1,6.08329,0,0
calm_deep,50000,aggressive,40,0.117644,0.0339705,2.20354e+06,71680.8,0.123678,0.00165791,2.17247e+06,9557.59,0.563131,0.0234572,1,2.48188e-09,0,0,0.121631,0.0216569,18,4.66448e-16,0.121631,0.0216569,18,7.88347e-05,5.43177e-18,9.34755e-09,18.1216,0.0216404,4.425e-10,2.60485e-10,18.1216,0.0216404,0.12163,0.197026,0.121625,0.557881,0.121624,1.13243,,,,,,,-5.55112e-18,0.560668,0.0895029,0.0605627,1,0,0,0,0,0,0,0,0,0,0,0,0,0
calm_deep,50000,hybrid,40,0.117644,0.0339705,2.20354e+06,71680.8,0.123678,0.00165791,2.17247e+06,9557.59,0.563131,0.0234572,1,2.41839e-09,1,0,0.275396,0.19277,8,2.57e-16,0.275396,0.19277,7.99989,0.000165499,-2.591e-09,9.24088e-09,8.27529,0.19267,4.28e-10,2.6074e-10,8.27529,0.19267,0.281522,0.217916,0.206801,0.509538,0.27407,1.16842,0.281522,0.217916,0.206801,0.509538,0.27407,1.16842,-0.0118018,0.511667,1.20752,0.370979,1.625,0.326824,0.6,0.32767,0,0,0,0,0,0,0.95,0.390426,2.475,0.262469
calm_deep,50000,hybrid|prints-only,40,0.117644,0.0339705,2.20354e+06,71680.8,0.123678,0.00165791,2.17247e+06,9557.59,0.563131,0.0234572,1,2.62197e-09,0.748018,0.0992993,0.339214,1.02882,10.5197,0.992978,0.339214,1.02882,10.5189,0.992897,6.411e-09,1.80181e-08,10.8581,1.35693,4.77e-10,2.54111e-10,10.8581,1.35693,0.148641,0.180527,0.150431,0.353431,0.000745967,1.0506,0.116383,0.179133,0.102075,0.382569,0.138037,1.19005,0.0424828,0.339137,33.3445,3.75283,25.725,3.03073,24.675,3.02617,0,0,0,0,0.025,0.049,36.2,4.19681,0,0
calm_deep,50000,passive,40,0.117644,0.0339705,2.20354e+06,71680.8,0.123678,0.00165791,2.17247e+06,9557.59,0.563131,0.0234572,1,2.41839e-09,1,0,0.275396,0.19277,8,2.57e-16,0.275396,0.19277,7.99989,0.000165499,-2.591e-09,9.24088e-09,8.27529,0.19267,4.28e-10,2.6074e-10,8.27529,0.19267,0.281522,0.217916,0.206801,0.509538,0.27407,1.16842,0.281522,0.217916,0.206801,0.509538,0.27407,1.16842,-0.0118018,0.511667,1.20752,0.370979,1.625,0.326824,0.6,0.32767,0,0,0,0,0,0,0.95,0.390426,2.475,0.262469
calm_deep,50000,passive|prints-only,40,0.117644,0.0339705,2.20354e+06,71680.8,0.123678,0.00165791,2.17247e+06,9557.59,0.563131,0.0234572,0.847722,0.0786174,1,0,0.269928,0.987816,8,2.2474e-16,0.306754,0.861292,6.7814,0.628914,0.2095,0.52217,7.29765,1.22864,0.0221584,0.0137753,10.0602,1.38441,0.150149,0.180024,0.121189,0.389968,0.0839634,1.10784,0.150149,0.180024,0.121189,0.389968,0.0839634,1.10784,0.0282975,0.371672,40.2523,5.66299,30.925,4.57103,30.2,4.66848,0,0,4.428e-06,8.67888e-06,0.025,0.049,44.425,6.30946,0,0
calm_deep,250000,aggressive,40,0.105405,0.0260654,2.20754e+06,55087.3,0.122848,0.00145726,2.17161e+06,8680.35,0.54886,0.0173113,1,3.73665e-17,0,0,0.263635,0.0445805,18,2.49327e-16,0.263635,0.0445805,17.9999,0.000167122,1.79523e-17,1.63331e-16,18.2636,0.0445269,0,0,18.2636,0.0445269,0.263644,0.21006,0.263638,0.411433,0.263647,1.0854,,,,,,,0,0.402262,0.0417261,0.00317282,1,0,0,0,0,0,0,0,0,0,0,0,0,0
calm_deep,250000,hybrid,40,0.105405,0.0260654,2.20754e+06,55087.3,0.122848,0.00145726,2.17161e+06,8680.35,0.54886,0.0173113,1,3.868e-10,1,0,0.419185,0.264813,8,2.06731e-16,0.419185,0.264813,8.00005,0.000235973,1.5662e-09,2.26047e-09,8.41924,0.264714,3.035e-11,3.58703e-11,8.41924,0.264714,0.498508,0.156738,0.335073,0.359605,0.420951,1.03136,0.498508,0.156738,0.335073,0.359605,0.420951,1.03136,0.0421656,0.356907,2.4525,0.518709,2.375,0.425077,1.4,0.419904,0,0,0,0,0,0,2.525,0.687569,6.7,0.620601
calm_deep,250000,hybrid|prints-only,40,0.105405,0.0260654,2.20754e+06,55087.3,0.122848,0.00145726,2.17161e+06,8680.35,0.54886,0.0173113,1,6.65576e-10,0.197393,0.0630513,0.320226,1.21118,16.026,0.630531,0.320226,1.21118,16.0264,0.630905,-3.0645e-10,3.6502e-09,16.3467,1.51548,8.005e-11,5.54323e-11,16.3467,1.51548,0.267519,0.190299,0.277217,0.342412,0.284337,1.09051,0.255488,0.114088,0.355266,0.29789,0.180994,1.01291,0.0445232,0.34536,42.1383,0.00956817,31.275,1.07351,30.025,1.09733,0,0,0,0,0.1,0.117432,45.075,2.85621,0,0
calm_deep,250000,passive,40,0.105405,0.0260654,2.20754e+06,55087.3,0.122848,0.00145726,2.17161e+06,8680.35,0.54886,0.0173113,1,3.868e-10,1,0,0.419185,0.264813,8,2.06731e-16,0.419185,0.264813,8.00005,0.000235973,1.5662e-09,2.26047e-09,8.41924,0.264714,3.035e-11,3.58703e-11,8.41924,0.264714,0.498508,0.156738,0.335073,0.359605,0.420951,1.03136,0.498508,0.156738,0.335073,0.359605,0.420951,1.03136,0.0421656,0.356907,2.4525,0.518709,2.375,0.425077,1.4,0.419904,0,0,0,0,0,0,2.525,0.687569,6.7,0.620601
calm_deep,250000,passive|prints-only,40,0.105405,0.0260654,2.20754e+06,55087.3,0.122848,0.00145726,2.17161e+06,8680.35,0.54886,0.0173113,0.295679,0.0709315,1,0,-0.0549843,1.11448,8,2.2474e-16,-0.408612,0.667296,2.36557,0.567646,0.584261,1.31093,2.54122,1.48254,0.161969,0.0356634,15.3818,2.04359,0.251689,0.119585,0.259736,0.2614,0.154395,0.825733,0.251689,0.119585,0.259736,0.2614,0.154395,0.825733,0.133061,0.262799,59.114,0.328298,43.275,1.20738,42.925,1.2143,0,0,0.000161638,0.000313279,0.2,0.160033,65.8,3.46603,0,0
calm_deep,1e+06,aggressive,40,0.106973,0.0264492,2.19374e+06,68175.6,0.119221,0.00171737,2.17091e+06,13185.8,0.545113,0.0146536,1,6.37759e-17,0,0,0.573687,0.0826547,18,3.05362e-16,0.573687,0.0826547,18.0001,0.00035488,-1.14864e-17,2.38977e-16,18.5738,0.0826836,0,0,18.5738,0.0826836,0.573684,0.175758,0.573664,0.363359,0.573703,0.831901,,,,,,,-2.77556e-17,0.359374,0.0447648,0.00570078,1,0,0,0,0,0,0,0,0,0,0,0,0,0
calm_deep,1e+06,hybrid,40,0.106973,0.0264492,2.19374e+06,68175.6,0.119221,0.00171737,2.17091e+06,13185.8,0.545113,0.0146536,1,1.50777e-10,1,0,0.310104,0.193737,8,1.81727e-16,0.310104,0.193737,7.99983,0.000165373,-5.5855e-10,8.67558e-10,8.30994,0.193642,1.0375e-11,7.95574e-12,8.30994,0.193642,0.342047,0.0936977,0.449539,0.335507,0.431945,0.83838,0.342047,0.0936977,0.449539,0.335507,0.431945,0.83838,0.0891628,0.321438,5.435,0.849997,4.45,0.718952,3.4,0.71155,0,0,0,0,0,0,6.225,0.978711,17.25,1.55942
calm_deep,1e+06,hybrid|prints-only,40,0.106973,0.0264492,2.19374e+06,68175.6,0.119221,0.00171737,2.17091e+06,13185.8,0.545113,0.0146536,1,1.08328e-10,0.0789373,0.0436744,0.537267,0.823074,17.2107,0.436734,0.537267,0.823074,17.2118,0.436756,-1.34263e-10,3.92804e-10,17.749,0.984939,8.975e-12,7.5388e-12,17.749,0.984939,0.510981,0.180861,0.481286,0.436465,0.46475,0.84662,0.311475,0.124328,0.140159,0.260941,-0.23241,0.783611,0.00271067,0.397867,42.1359,0.012672,30.075,0.985981,28.925,0.990964,0,0,0,0,0.075,0.108438,47.875,2.86034,0,0
calm_deep,1e+06,passive,40,0.106973,0.0264492,2.19374e+06,68175.6,0.119221,0.00171737,2.17091e+06,13185.8,0.545113,0.0146536,1,1.50777e-10,1,0,0.310104,0.193737,8,1.81727e-16,0.310104,0.193737,7.99983,0.000165373,-5.5855e-10,8.67558e-10,8.30994,0.193642,1.0375e-11,7.95574e-12,8.30994,0.193642,0.342047,0.0936977,0.449539,0.335507,0.431945,0.83838,0.342047,0.0936977,0.449539,0.335507,0.431945,0.83838,0.0891628,0.321438,5.435,0.849997,4.45,0.718952,3.4,0.71155,0,0,0,0,0,0,6.225,0.978711,17.25,1.55942
calm_deep,1e+06,passive|prints-only,40,0.106973,0.0264492,2.19374e+06,68175.6,0.119221,0.00171737,2.17091e+06,13185.8,0.545113,0.0146536,0.120374,0.0644047,1,0,-0.0546502,0.591437,8,2.37352e-16,0.130195,0.315672,0.96314,0.515414,-0.0766746,0.978063,1.01666,1.25422,0.463314,0.081667,17.3156,1.11819,0.349642,0.105596,0.214652,0.220095,-0.269145,0.760216,0.349642,0.105596,0.214652,0.220095,-0.269145,0.760216,0.071815,0.226734,58.4691,0.625258,40.875,1.30009,40.675,1.29668,0,0,1.5819e-05,1.78164e-05,0.15,0.149697,69.25,3.84179,0,0
calm_thin,10000,aggressive,40,2.07326,0.0836594,404302,10643.4,2.05515,0.0269469,422387,5606,0.319335,0.0164373,1,1.90851e-17,0,0,1.18115,0.0468384,18,5.28902e-16,1.18115,0.0468384,18.0001,0.000672339,7.19529e-17,7.52315e-17,19.1812,0.0469827,0,0,19.1812,0.0469827,1.18115,0.0928612,1.18115,0.221145,1.18126,0.879334,,,,,,,5.55112e-18,0.20222,0.114123,0.0976769,1,0,0,0,0,0,0,0,0,0,0,0,0,0
calm_thin,10000,hybrid,40,2.07326,0.0836594,404302,10643.4,2.05515,0.0269469,422387,5606,0.319335,0.0164373,1,7.13292e-09,0.971397,0.0244827,-1.02657,0.43306,8.28601,0.244811,-1.02657,0.43306,8.28623,0.244939,6.56875e-09,1.97222e-08,7.25966,0.481665,5.855e-09,6.46522e-09,7.25966,0.481665,-0.737436,0.102725,-0.919965,0.302884,-0.875951,0.785043,-0.789414,0.0957845,-0.974811,0.302629,-0.914142,0.783657,-0.0604881,0.273027,23.2079,4.44209,5.475,1.14671,4.475,1.14671,0,0,0,0,0.05,0.0684023,32.075,5.75658,0,0
calm_thin,10000,hybrid|prints-only,40,2.07326,0.0836594,404302,10643.4,2.05515,0.0269469,422387,5606,0.319335,0.0164373,1,7.13292e-09,0.971397,0.0244827,-1.02657,0.43306,8.28601,0.244811,-1.02657,0.43306,8.28623,0.244939,6.56875e-09,1.97222e-08,7.25966,0.481665,5.855e-09,6.46522e-09,7.25966,0.481665,-0.737436,0.102725,-0.919965,0.302884,-0.875951,0.785043,-0.789414,0.0957845,-0.974811,0.302629,-0.914142,0.783657,-0.0604881,0.273027,23.2079,4.44209,5.475,1.14671,4.475,1.14671,0,0,0,0,0.05,0.0684023,32.075,5.75658,0,0
calm_thin,10000,passive,40,2.07326,0.0836594,404302,10643.4,2.05515,0.0269469,422387,5606,0.319335,0.0164373,0.98726,0.0157962,1,0,-1.07571,0.439592,8,2.75249e-16,-1.05237,0.434406,7.89826,0.126289,-0.0170808,0.0270479,6.82881,0.470863,0.0136318,0.018153,7.07177,0.453958,-0.787245,0.0954116,-0.966842,0.300112,-0.94054,0.77962,-0.787245,0.0954116,-0.966842,0.300112,-0.94054,0.77962,-0.056879,0.273376,24.7628,5.23857,5.725,1.26515,4.8,1.31518,0,0,0,0,0.05,0.0684023,34.3,6.77192,0,0
calm_thin,10000,passive|prints-only,40,2.07326,0.0836594,404302,10643.4,2.05515,0.0269469,422387,5606,0.319335,0.0164373,0.98726,0.0157962,1,0,-1.07571,0.439592,8,2.75249e-16,-1.05237,0.434406,7.89826,0.126289,-0.0170808,0.0270479,6.82881,0.470863,0.0136318,0.018153,7.07177,0.453958,-0.787245,0.0954116,-0.966842,0.300112,-0.94054,0.77962,-0.787245,0.0954116,-0.966842,0.300112,-0.94054,0.77962,-0.056879,0.273376,24.7628,5.23857,5.725,1.26515,4.8,1.31518,0,0,0,0,0.05,0.0684023,34.3,6.77192,0,0
calm_thin,50000,aggressive,40,2.25997,0.0848186,409117,14881.7,2.09045,0.0227876,416406,3839.19,0.333712,0.0207821,1,2.34503e-09,0,0,1.63951,0.0699258,18,1.76301e-16,1.63951,0.0699258,18,0.000934632,-8.14904e-18,1.82704e-08,19.6396,0.069987,4.5975e-09,2.52945e-09,19.6396,0.0699871,1.63949,0.111637,1.6395,0.243259,1.63945,0.856312,,,,,,,-5.55112e-18,0.234796,0.0550994,0.0152956,1,0,0,0,0,0,0,0,0,0,0,0,0,0
calm_thin,50000,hybrid,40,2.25997,0.0848186,409117,14881.7,2.09045,0.0227876,416406,3839.19,0.333712,0.0207821,1,2.53664e-09,0.546641,0.10327,0.198666,0.956114,12.5336,1.0327,0.198666,0.956114,12.5328,1.0326,-5.9125e-09,1.74585e-08,12.7314,1.59607,5.8705e-09,2.68429e-09,12.7314,1.59607,0.24071,0.252857,0.0652598,0.388982,0.151841,0.823026,-0.83972,0.102216,-0.944115,0.269068,-1.04282,0.940065,-0.107797,0.273011,39.1119,2.44896,10.75,1.43782,9.75,1.43782,0,0,0,0,0,0,55.2,5.02123,0,0
calm_thin,50000,hybrid|prints-only,40,2.25997,0.0848186,409117,14881.7,2.09045,0.0227876,416406,3839.19,0.333712,0.0207821,1,2.53664e-09,0.546641,0.10327,0.198666,0.956114,12.5336,1.0327,0.198666,0.956114,12.5328,1.0326,-5.9125e-09,1.74585e-08,12.7314,1.59607,5.8705e-09,2.68429e-09,12.7314,1.59607,0.24071,0.252857,0.0652598,0.388982,0.151841,0.823026,-0.83972,0.102216,-0.944115,0.269068,-1.04282,0.940065,-0.107797,0.273011,39.1119,2.44896,10.75,1.43782,9.75,1.43782,0,0,0,0,0,0,55.2,5.02123,0,0
calm_thin,50000,passive,40,2.25997,0.0848186,409117,14881.7,2.09045,0.0227876,416406,3839.19,0.333712,0.0207821,0.747032,0.0858342,1,0,-0.916132,0.891584,8,2.15923e-16,-0.922079,0.70424,5.97573,0.686533,0.438979,0.588165,5.49263,0.9939,0.34467,0.124349,10.3905,1.72355,-0.863844,0.0864735,-1.08358,0.241412,-0.87549,0.841636,-0.863844,0.0864735,-1.08358,0.241412,-0.87549,0.841636,-0.145996,0.224405,50.5686,4.21941,13.45,1.77811,13.1,1.83247,0,0,0.00101075,0.00178736,0,0,74.55,7.15655,0,0
calm_thin,50000,passive|prints-only,40,2.25997,0.0848186,409117,14881.7,2.09045,0.0227876,416406,3839.19,0.333712,0.0207821,0.747032,0.0858342,1,0,-0.916132,0.891584,8,2.15923e-16,-0.922079,0.70424,5.97573,0.686533,0.438979,0.588165,5.49263,0.9939,0.34467,0.124349,10.3905,1.72355,-0.863844,0.0864735,-1.08358,0.241412,-0.87549,0.841636,-0.863844,0.0864735,-1.08358,0.241412,-0.87549,0.841636,-0.145996,0.224405,50.5686,4.21941,13.45,1.77811,13.1,1.83247,0,0,0.00101075,0.00178736,0,0,74.55,7.15655,0,0
calm_thin,250000,aggressive,40,2.10208,0.0925397,418202,14944.9,2.09061,0.0236219,423476,3870.12,0.319936,0.0184436,1,6.08533e-17,0,0,2.85895,0.126925,18,1.76301e-16,2.85895,0.126925,17.9999,0.00163111,-5.60951e-17,3.35349e-16,20.8589,0.12683,0,0,20.8589,0.12683,2.85902,0.179055,2.85901,0.331669,2.859,0.82528,,,,,,,-3.33067e-17,0.283643,0.0415187,0.00383715,1,0,0,0,0,0,0,0,0,0,0,0,0,0
calm_thin,250000,hybrid,40,2.10208,0.0925397,418202,14944.9,2.09061,0.0236219,423476,3870.12,0.319936,0.0184436,1,6.65611e-10,0.172051,0.0714007,1.81994,1.00168,16.2795,0.714019,1.81994,1.00168,16.2797,0.714186,1.0981e-09,2.75193e-09,18.0996,1.38717,1.1215e-09,6.43322e-10,18.0996,1.38717,2.08635,0.335258,2.10746,0.517426,1.77658,1.02184,-0.844263,0.0861121,-0.851785,0.202654,-1.15616,0.797911,0.0884771,0.391603,41.7026,0.853782,11.25,0.823673,10.25,0.823673,0,0,0,0,0.025,0.049,60.4,4.04113,0,0
calm_thin,250000,hybrid|prints-only,40,2.10208,0.0925397,418202,14944.9,2.09061,0.0236219,423476,3870.12,0.319936,0.0184436,1,6.65611e-10,0.172051,0.0714007,1.81994,1.00168,16.2795,0.714019,1.81994,1.00168,16.2797,0.714186,1.0981e-09,2.75193e-09,18.0996,1.38717,1.1215e-09,6.43322e-10,18.0996,1.38717,2.08635,0.335258,2.10746,0.517426,1.77658,1.02184,-0.844263,0.0861121,-0.851785,0.202654,-1.15616,0.797911,0.0884771,0.391603,41.7026,0.853782,11.25,0.823673,10.25,0.823673,0,0,0,0,0.025,0.049,60.4,4.04113,0,0
calm_thin,250000,passive,40,2.10208,0.0925397,418202,14944.9,2.09061,0.0236219,423476,3870.12,0.319936,0.0184436,0.211313,0.0732083,1,0,-1.23011,0.787895,8,2.33224e-16,-0.294805,0.196859,1.69042,0.585625,-0.0995938,1.09294,1.29602,1.24154,1.97265,0.23589,17.4654,1.64312,-0.860841,0.0828934,-0.988917,0.202139,-1.31358,0.721445,-0.860841,0.0828934,-0.988917,0.202139,-1.31358,0.721445,-0.0591523,0.195031,58.0824,1.73562,14.35,1.05397,14.325,1.07671,0,0,0.00163518,0.00317965,0.025,0.049,84.025,5.1382,0,0
calm_thin,250000,passive|prints-only,40,2.10208,0.0925397,418202,14944.9,2.09061,0.0236219,423476,3870.12,0.319936,0.0184436,0.211313,0.0732083,1,0,-1.23011,0.787895,8,2.33224e-16,-0.294805,0.196859,1.69042,0.585625,-0.0995938,1.09294,1.29602,1.24154,1.97265,0.23589,17.4654,1.64312,-0.860841,0.0828934,-0.988917,0.202139,-1.31358,0.721445,-0.860841,0.0828934,-0.988917,0.202139,-1.31358,0.721445,-0.0591523,0.195031,58.0824,1.73562,14.35,1.05397,14.325,1.07671,0,0,0.00163518,0.00317965,0.025,0.049,84.025,5.1382,0,0
calm_thin,1e+06,aggressive,40,2.03945,0.127179,410476,13384.6,2.08898,0.0178615,421943,3940.35,0.317521,0.0163675,1,1.35402e-10,0,0,3.61843,0.133331,18,0,3.61843,0.133331,17.9998,0.00205682,2.3505e-10,8.10642e-10,21.6182,0.132619,4.60613e-10,1.46671e-10,21.6182,0.132619,3.62353,0.196297,3.61689,0.437195,3.61358,0.895389,,,,,,,-0.00101529,0.359956,1.98745,0.0691333,2.95,0.0684023,0,0,0,0,0,0,0,0,0,0,0,0
calm_thin,1e+06,hybrid,40,2.03945,0.127179,410476,13384.6,2.08898,0.0178615,421943,3940.35,0.317521,0.0163675,1,1.54244e-10,0.0374105,0.0116154,3.41224,1.03367,17.6259,0.116119,3.41224,1.03367,17.6273,0.115725,-5.80005e-12,9.79906e-10,21.0395,1.07076,6.89413e-10,1.6833e-10,21.0395,1.07076,3.40567,0.205234,3.39907,0.305779,3.42622,0.998509,-0.873771,0.0920643,-0.94555,0.247775,-0.980034,0.678715,-0.00979554,0.279965,44.003,0.111937,14.1,0.850299,11.25,0.8588,0,0,0,0,0,0,58.45,4.44127,0,0
calm_thin,1e+06,hybrid|prints-only,40,2.03945,0.127179,410476,13384.6,2.08898,0.0178615,421943,3940.35,0.317521,0.0163675,1,1.54244e-10,0.0374105,0.0116154,3.41224,1.03367,17.6259,0.116119,3.41224,1.03367,17.6273,0.115725,-5.80005e-12,9.79906e-10,21.0395,1.07076,6.89413e-10,1.6833e-10,21.0395,1.07076,3.40567,0.205234,3.39907,0.305779,3.42622,0.998509,-0.873771,0.0920643,-0.94555,0.247775,-0.980034,0.678715,-0.00979554,0.279965,44.003,0.111937,14.1,0.850299,11.25,0.8588,0,0,0,0,0,0,58.45,4.44127,0,0
calm_thin,1e+06,passive,40,2.03945,0.127179,410476,13384.6,2.08898,0.0178615,421943,3940.35,0.317521,0.0163675,0.0492297,0.0119789,1,0,-1.13288,0.774909,8,2.49327e-16,-0.0659857,0.0624477,0.393853,0.0958198,0.0162917,1.18938,0.344159,1.21876,6.08509,0.604483,23.5446,1.43553,-0.856785,0.0924007,-0.978021,0.227125,-1.09036,0.677225,-0.856785,0.0924007,-0.978021,0.227125,-1.09036,0.677225,-0.0571772,0.21498,57.7112,1.09836,15.025,1.04444,15.025,1.04444,0,0,1.359e-05,2.25675e-05,0.05,0.098,83.15,6.07266,0,0
calm_thin,1e+06,passive|prints-only,40,2.03945,0.127179,410476,13384.6,2.08898,0.0178615,421943,3940.35,0.317521,0.0163675,0.0492297,0.0119789,1,0,-1.13288,0.774909,8,2.49327e-16,-0.0659857,0.0624477,0.393853,0.0958198,0.0162917,1.18938,0.344159,1.21876,6.08509,0.604483,23.5446,1.43553,-0.856785,0.0924007,-0.978021,0.227125,-1.09036,0.677225,-0.856785,0.0924007,-0.978021,0.227125,-1.09036,0.677225,-0.0571772,0.21498,57.7112,1.09836,15.025,1.04444,15.025,1.04444,0,0,1.359e-05,2.25675e-05,0.05,0.098,83.15,6.07266,0,0
