product,regime,strategy,n,arrival_spread_bps,arrival_spread_bps_ci95,arrival_depth10_usd,arrival_depth10_usd_ci95,path_spread_bps_mean,path_spread_bps_mean_ci95,path_depth10_usd_median,path_depth10_usd_median_ci95,path_vol_bps_sqrt_s,path_vol_bps_sqrt_s_ci95,fill_rate,fill_rate_ci95,maker_share,maker_share_ci95,slippage_bps,slippage_bps_ci95,fee_bps,fee_bps_ci95,exec_cost_bps,exec_cost_bps_ci95,fee_cost_bps,fee_cost_bps_ci95,opportunity_cost_bps,opportunity_cost_bps_ci95,is_bps,is_bps_ci95,cleanup_exec_bps,cleanup_exec_bps_ci95,is_completed_bps,is_completed_bps_ci95,adverse_sel_bps_1s_all,adverse_sel_bps_1s_all_ci95,adverse_sel_bps_5s_all,adverse_sel_bps_5s_all_ci95,adverse_sel_bps_30s_all,adverse_sel_bps_30s_all_ci95,adverse_sel_bps_1s_maker,adverse_sel_bps_1s_maker_ci95,adverse_sel_bps_5s_maker,adverse_sel_bps_5s_maker_ci95,adverse_sel_bps_30s_maker,adverse_sel_bps_30s_maker_ci95,post_fill_drift_bps_5s_all,post_fill_drift_bps_5s_all_ci95,time_to_last_fill_s,time_to_last_fill_s_ci95,n_children,n_children_ci95,n_cancel_requests,n_cancel_requests_ci95,blind_s,blind_s_ci95,fills_after_deadline_qty,fills_after_deadline_qty_ci95,maker_fills_by_queue,maker_fills_by_queue_ci95,maker_fills_by_tradethrough,maker_fills_by_tradethrough_ci95,maker_fills_by_cross,maker_fills_by_cross_ci95
BTC-USD,live_calm_deep,aggressive,8,0.00115917,3.23852e-07,1.93495e+06,65854.2,0.0164238,0.00788609,1.91942e+06,31368,0.423442,0.0916519,1,2.76793e-09,0,0,0.645367,0.223759,18,1.31594e-15,0.645367,0.223759,17.9995,0.000888244,-1.29063e-16,1.08936e-08,18.6449,0.222957,1.25e-12,1.6039e-12,18.6449,0.222957,0.645374,0.51718,0.645374,0.447683,0.645279,1.43533,,,,,,,4.16334e-17,0.50064,0.173248,0.112608,1,0,0,0,0,0,0,0,0,0,0,0,0,0
BTC-USD,live_calm_deep,hybrid,8,0.00115917,3.23852e-07,1.93495e+06,65854.2,0.0164238,0.00788609,1.91942e+06,31368,0.423442,0.0916519,1,3.09488e-09,0.937664,0.122178,0.70022,0.871627,8.62328,1.22162,0.70022,0.871627,8.6229,1.22141,2.13625e-09,1.16706e-08,9.32312,1.53547,1.875e-12,1.79322e-12,9.32312,1.53547,1.19309,0.837688,0.745536,1.15732,0.217006,1.10338,1.08288,0.978097,0.605899,1.2841,0.0710755,1.26269,-0.0461041,0.874676,15.8948,9.24321,2.375,0.975615,1.375,0.975615,0,0,0,0,4.75,5.37726,6.5,2.747,2.875,1.83107
BTC-USD,live_calm_deep,passive,8,0.00115917,3.23852e-07,1.93495e+06,65854.2,0.0164238,0.00788609,1.91942e+06,31368,0.423442,0.0916519,0.937664,0.122178,1,0,0.532567,0.915884,8,5.6982e-16,0.562745,0.899258,7.50111,0.977316,0.116422,0.228187,8.18027,1.30634,0.0279606,0.0548027,9.33002,1.54662,1.08288,0.978097,0.605899,1.2841,0.0710755,1.26269,1.08288,0.978097,0.605899,1.2841,0.0710755,1.26269,-0.189925,1.01068,15.3997,8.49097,2.25,0.807279,1.375,0.975615,0,0,0,0,4.75,5.37726,6.5,2.747,2.875,1.83107
BTC-USD,live_calm_thin,aggressive,22,0.0135851,0.0142161,1.78528e+06,74620,0.0159789,0.00384183,1.78209e+06,18748.5,0.411132,0.0296784,1,1.77571e-09,0,0,0.702523,0.134008,18,7.93544e-16,0.702523,0.134008,18,0.000592178,-7.05698e-17,6.34214e-09,18.7025,0.134047,1.81818e-12,1.02873e-12,18.7025,0.134047,0.702533,0.238527,0.702566,0.425716,0.702563,1.0871,,,,,,,-1.00929e-17,0.371423,0.231921,0.020776,1,0,0,0,0,0,0,0,0,0,0,0,0,0
BTC-USD,live_calm_thin,hybrid,22,0.0135851,0.0142161,1.78528e+06,74620,0.0159789,0.00384183,1.78209e+06,18748.5,0.411132,0.0296784,1,1.81491e-09,0.909722,0.122103,0.926456,0.804821,8.90277,1.22103,0.926456,0.804821,8.90239,1.21982,2.60545e-09,7.48941e-09,9.82885,1.8814,2.04545e-12,1.05145e-12,9.82885,1.8814,0.591224,0.263857,0.703594,0.487858,1.10207,1.18631,0.512394,0.275231,0.496279,0.579948,0.71619,1.13254,0.249494,0.401829,14.1125,5.14796,2.27273,0.807221,1.27273,0.807221,0,0,0,0,3.81818,1.68456,7.09091,3.01584,7.04545,3.43978
BTC-USD,live_calm_thin,passive,22,0.0135851,0.0142161,1.78528e+06,74620,0.0159789,0.00384183,1.78209e+06,18748.5,0.411132,0.0296784,1,1.81491e-09,1,0,0.877835,0.796935,8,2.68616e-16,0.877835,0.796935,8.00013,0.000702654,2.60545e-09,7.48941e-09,8.87796,0.796678,2.04545e-12,1.05145e-12,8.87796,0.796678,0.637749,0.286368,0.632518,0.500542,1.21115,1.25995,0.637749,0.286368,0.632518,0.500542,1.21115,1.25995,0.148409,0.435958,14.7059,5.76819,2.22727,0.804641,1.22727,0.804641,0,0,0,0,3.81818,1.68456,7.13636,3.00032,7.13636,3.4102
BTC-USD,live_volatile_deep,aggressive,22,0.0253476,0.0327172,1.86254e+06,75132.5,0.0344824,0.00620463,1.90787e+06,19805.6,0.654406,0.0380887,1,1.061e-09,0,0,0.756792,0.127468,18,5.6112e-16,0.756792,0.127468,17.9997,0.000612848,2.48937e-16,3.77848e-10,18.7565,0.127184,4.54545e-13,6.14786e-13,18.7565,0.127184,0.756812,0.24047,0.756801,0.489046,0.756769,1.7814,,,,,,,0,0.461504,0.126223,0.0351823,1,0,0,0,0,0,0,0,0,0,0,0,0,0
BTC-USD,live_volatile_deep,hybrid,22,0.0253476,0.0327172,1.86254e+06,75132.5,0.0344824,0.00620463,1.90787e+06,19805.6,0.654406,0.0380887,1,1.90772e-09,1,0,0.685341,0.525447,8,3.33933e-16,0.685341,0.525447,7.99994,0.000480712,-2.76e-09,6.216e-09,8.68528,0.525366,1.13636e-12,1.10405e-12,8.68528,0.525366,0.749077,0.301635,0.680186,0.550823,1.03179,1.99415,0.749077,0.301635,0.680186,0.550823,1.03179,1.99415,-0.00200802,0.451154,9.52419,3.0453,2.63636,0.664424,1.63636,0.664424,0,0,0,0,2.95455,1.47868,6,1.53672,3.95455,1.38579
BTC-USD,live_volatile_deep,passive,22,0.0253476,0.0327172,1.86254e+06,75132.5,0.0344824,0.00620463,1.90787e+06,19805.6,0.654406,0.0380887,1,1.90772e-09,1,0,0.685341,0.525447,8,3.33933e-16,0.685341,0.525447,7.99994,0.000480712,-2.76e-09,6.216e-09,8.68528,0.525366,1.13636e-12,1.10405e-12,8.68528,0.525366,0.749077,0.301635,0.680186,0.550823,1.03179,1.99415,0.749077,0.301635,0.680186,0.550823,1.03179,1.99415,-0.00200802,0.451154,9.52419,3.0453,2.63636,0.664424,1.63636,0.664424,0,0,0,0,2.95455,1.47868,6,1.53672,3.95455,1.38579
BTC-USD,live_volatile_thin,aggressive,6,0.00115716,6.79601e-07,2.06758e+06,516034,0.0404619,0.0168937,1.77683e+06,41692.2,0.600236,0.0200052,1,3.57253e-09,0,0,0.715498,0.186834,18,1.27132e-15,0.715498,0.186834,18,0.00117749,5.15143e-17,9.73678e-09,18.7155,0.186988,1.66667e-12,2.06602e-12,18.7155,0.186988,0.715492,0.186827,0.715529,0.661878,0.715445,0.612686,,,,,,,0,0.654302,0.168501,0.0672473,1,0,0,0,0,0,0,0,0,0,0,0,0,0
BTC-USD,live_volatile_thin,hybrid,6,0.00115716,6.79601e-07,2.06758e+06,516034,0.0404619,0.0168937,1.77683e+06,41692.2,0.600236,0.0200052,1,3.78746e-09,1,0,0.438671,0.936684,8,4.4948e-16,0.438671,0.936684,8.00074,0.000486738,3.66667e-11,9.73705e-09,8.43941,0.937057,2.5e-12,2.19135e-12,8.43941,0.937057,1.09728,0.628917,1.0694,1.34005,0.480593,0.985346,1.09728,0.628917,1.0694,1.34005,0.480593,0.985346,0.513344,1.23944,9.22556,5.20775,2.33333,0.653333,1.33333,0.653333,0,0,0,0,3.66667,4.57333,6.16667,5.24501,6,1.75308
BTC-USD,live_volatile_thin,passive,6,0.00115716,6.79601e-07,2.06758e+06,516034,0.0404619,0.0168937,1.77683e+06,41692.2,0.600236,0.0200052,1,3.78746e-09,1,0,0.438671,0.936684,8,4.4948e-16,0.438671,0.936684,8.00074,0.000486738,3.66667e-11,9.73705e-09,8.43941,0.937057,2.5e-12,2.19135e-12,8.43941,0.937057,1.09728,0.628917,1.0694,1.34005,0.480593,0.985346,1.09728,0.628917,1.0694,1.34005,0.480593,0.985346,0.513344,1.23944,9.22556,5.20775,2.33333,0.653333,1.33333,0.653333,0,0,0,0,3.66667,4.57333,6.16667,5.24501,6,1.75308
ETH-USD,live_calm_deep,aggressive,16,0.128561,0.093017,1.02881e+06,52363.9,0.208197,0.0267401,1.0678e+06,12514.9,0.533563,0.0204056,1,9.7574e-11,0,0,1.18452,0.109709,18,0,1.18452,0.109709,17.9999,0.00109572,2.10054e-16,6.74235e-10,19.1844,0.109448,2.5e-12,1.78923e-12,19.1844,0.109448,1.18452,0.26442,1.18448,0.842888,1.18439,1.82411,,,,,,,0,0.896655,0.205224,0.0305482,1,0,0,0,0,0,0,0,0,0,0,0,0,0
ETH-USD,live_calm_deep,hybrid,16,0.128561,0.093017,1.02881e+06,52363.9,0.208197,0.0267401,1.0678e+06,12514.9,0.533563,0.0204056,1,8.4016e-11,0.938128,0.0909907,1.09043,1.61057,8.61863,0.909771,1.09043,1.61057,8.61788,0.908516,9.09376e-11,6.9108e-10,9.70831,2.2441,2.8125e-12,1.54142e-12,9.70831,2.2441,0.622042,0.216018,0.64153,0.603355,1.09808,1.52635,0.556174,0.22008,0.582665,0.620601,0.750111,1.62071,0.188686,0.564892,21.8456,6.41599,7.0625,2.62028,6.0625,2.62028,0,0,0,0,1.25,1.15263,7.0625,3.26733,15.3125,6.08263
ETH-USD,live_calm_deep,passive,16,0.128561,0.093017,1.02881e+06,52363.9,0.208197,0.0267401,1.0678e+06,12514.9,0.533563,0.0204056,1,8.4016e-11,1,0,1.08024,1.58912,8,2.97303e-16,1.08024,1.58912,7.99964,0.001332,9.09378e-11,6.9108e-10,9.07988,1.58815,2.8125e-12,1.54142e-12,9.07988,1.58815,0.569916,0.208156,0.649087,0.605118,1.13533,1.54047,0.569916,0.208156,0.649087,0.605118,1.13533,1.54047,0.217507,0.557629,22.6288,7.12646,7.5625,2.93983,6.5625,2.93983,0,0,0,0,1.25,1.15263,7.25,3.27238,15.8125,6.00716
ETH-USD,live_calm_thin,aggressive,14,0.319996,0.211411,985560,88964.7,0.245692,0.0531777,1.01727e+06,4851.43,0.561081,0.0186461,1,1.03467e-10,0,0,1.31665,0.142944,18,0,1.31665,0.142944,18.0003,0.00130521,7.71446e-17,2.60939e-10,19.3169,0.143657,1.42857e-12,1.90222e-12,19.3169,0.143657,1.3166,0.168541,1.31664,0.593816,1.31673,1.63307,,,,,,,-1.98254e-18,0.57711,0.191545,0.0399558,1,0,0,0,0,0,0,0,0,0,0,0,0,0
ETH-USD,live_calm_thin,hybrid,14,0.319996,0.211411,985560,88964.7,0.245692,0.0531777,1.01727e+06,4851.43,0.561081,0.0186461,1,7.32014e-11,1,0,0.876926,0.682971,8,4.65256e-16,0.876926,0.682971,8.00025,0.000651803,0,2.93758e-10,8.87718,0.683069,2.14286e-12,1.34508e-12,8.87718,0.683069,0.721468,0.194008,1.01033,0.446999,1.3324,1.35822,0.721468,0.194008,1.01033,0.446999,1.3324,1.35822,0.436686,0.471008,21.5946,5.87206,8,2.34265,7,2.34265,0,0,0,0,1.28571,1.0955,5.64286,2.76123,11.1429,2.49837
ETH-USD,live_calm_thin,passive,14,0.319996,0.211411,985560,88964.7,0.245692,0.0531777,1.01727e+06,4851.43,0.561081,0.0186461,1,7.32014e-11,1,0,0.876926,0.682971,8,4.65256e-16,0.876926,0.682971,8.00025,0.000651803,0,2.93758e-10,8.87718,0.683069,2.14286e-12,1.34508e-12,8.87718,0.683069,0.721468,0.194008,1.01033,0.446999,1.3324,1.35822,0.721468,0.194008,1.01033,0.446999,1.3324,1.35822,0.436686,0.471008,21.5946,5.87206,8,2.34265,7,2.34265,0,0,0,0,1.28571,1.0955,5.64286,2.76123,11.1429,2.49837
ETH-USD,live_volatile_deep,aggressive,14,0.241257,0.157429,1.07543e+06,46637.3,0.23261,0.0483631,1.07992e+06,18759.6,0.759832,0.0862321,1,5.18275e-11,0,0,1.17789,0.154935,18,8.94008e-16,1.17789,0.154935,17.9999,0.00118506,2.99443e-17,3.14359e-10,19.1778,0.154706,7.14285e-13,9.51112e-13,19.1778,0.154706,1.17791,0.182332,1.17793,0.647869,1.1777,1.79086,,,,,,,6.34413e-17,0.668913,0.231098,0.037339,1,0,0,0,0,0,0,0,0,0,0,0,0,0
ETH-USD,live_volatile_deep,hybrid,14,0.241257,0.157429,1.07543e+06,46637.3,0.23261,0.0483631,1.07992e+06,18759.6,0.759832,0.0862321,1,7.10177e-11,0.942742,0.112225,0.916622,1.26061,8.57252,1.12215,0.916622,1.26061,8.57161,1.12128,1.18571e-10,4.8036e-10,9.48823,1.98623,2.17857e-11,2.1759e-11,9.48823,1.98623,0.958409,0.263984,1.02079,0.576845,0.590305,1.81998,0.897381,0.287986,0.943653,0.589848,0.0842729,1.88982,0.354466,0.64439,21.0522,6.79488,7.85714,2.76314,6.85714,2.76314,0,0,0,0,0.785714,0.467563,8.78571,4.0481,11.8571,3.54005
ETH-USD,live_volatile_deep,passive,14,0.241257,0.157429,1.07543e+06,46637.3,0.23261,0.0483631,1.07992e+06,18759.6,0.759832,0.0862321,1,7.10177e-11,1,0,0.828488,1.20396,8,4.08057e-16,0.828488,1.20396,7.99939,0.000973898,1.18571e-10,4.8036e-10,8.82788,1.20338,2.17857e-11,2.1759e-11,8.82788,1.20338,0.987494,0.271003,0.879145,0.629055,0.540118,1.80282,0.987494,0.271003,0.879145,0.629055,0.540118,1.80282,0.222344,0.738454,21.5274,7.28321,7.92857,2.76778,6.92857,2.76778,0,0,0,0,0.785714,0.467563,8.92857,4.02869,12.1429,3.85953
ETH-USD,live_volatile_thin,aggressive,14,0.267625,0.134123,982957,55319,0.243008,0.0400442,951157,17883.2,0.695261,0.0469066,1,1.33783e-10,0,0,1.1795,0.131115,18,8.94008e-16,1.1795,0.131115,18,0.00117799,0,3.86982e-10,19.1795,0.131146,2.85714e-12,2.45576e-12,19.1795,0.131146,1.17956,0.838284,1.17958,0.917925,1.17964,1.95265,,,,,,,1.58603e-17,0.873608,0.177266,0.0393918,1,0,0,0,0,0,0,0,0,0,0,0,0,0
ETH-USD,live_volatile_thin,hybrid,14,0.267625,0.134123,982957,55319,0.243008,0.0400442,951157,17883.2,0.695261,0.0469066,1,1.0789e-10,1,0,0.793677,0.838831,8,3.41405e-16,0.793677,0.838831,8.00024,0.000742852,-1.46429e-11,3.26273e-10,8.79392,0.839057,2.85714e-12,1.9799e-12,8.79392,0.839057,1.11106,0.514303,0.876575,0.925917,0.914669,2.14817,1.11106,0.514303,0.876575,0.925917,0.914669,2.14817,0.103871,0.805958,13.3721,5.20411,5.42857,1.83444,4.42857,1.83444,0,0,0,0,0.428571,0.703223,4.71429,2.88696,7.21429,3.02094
ETH-USD,live_volatile_thin,passive,14,0.267625,0.134123,982957,55319,0.243008,0.0400442,951157,17883.2,0.695261,0.0469066,1,1.0789e-10,1,0,0.793677,0.838831,8,3.41405e-16,0.793677,0.838831,8.00024,0.000742852,-1.46429e-11,3.26273e-10,8.79392,0.839057,2.85714e-12,1.9799e-12,8.79392,0.839057,1.11106,0.514303,0.876575,0.925917,0.914669,2.14817,1.11106,0.514303,0.876575,0.925917,0.914669,2.14817,0.103871,0.805958,13.3721,5.20411,5.42857,1.83444,4.42857,1.83444,0,0,0,0,0.428571,0.703223,4.71429,2.88696,7.21429,3.02094
