fee_schedule,product,regime,config,n,is_bps,is_bps_ci95,is_completed_bps,is_completed_bps_ci95
rebate(-1/5),BTC-USD,calm_deep,aggressive,120,5.16582,0.0190258,5.16582,0.0190258
rebate(-1/5),BTC-USD,calm_deep,hybrid,120,-0.766177,0.087077,-0.766177,0.087077
rebate(-1/5),BTC-USD,calm_deep,hybrid|prints-only,120,2.44039,0.693695,2.44039,0.693695
rebate(-1/5),BTC-USD,calm_deep,passive,120,-0.766177,0.087077,-0.766177,0.087077
rebate(-1/5),BTC-USD,calm_deep,passive|prints-only,120,-0.24497,0.563917,1.78985,0.66587
rebate(-1/5),BTC-USD,calm_thin,aggressive,120,7.02725,0.0614192,7.02725,0.0614192
rebate(-1/5),BTC-USD,calm_thin,hybrid,120,3.84257,0.799314,3.84257,0.799314
rebate(-1/5),BTC-USD,calm_thin,hybrid|prints-only,120,3.84257,0.799314,3.84257,0.799314
rebate(-1/5),BTC-USD,calm_thin,passive,120,-0.981343,0.708184,2.73642,0.868547
rebate(-1/5),BTC-USD,calm_thin,passive|prints-only,120,-0.981343,0.708184,2.73642,0.868547
rebate(-1/5),BTC-USD,live_calm_deep,aggressive,8,5.64524,0.223536,5.64524,0.223536
rebate(-1/5),BTC-USD,live_calm_deep,hybrid,8,0.0741928,1.16681,0.0741928,1.16681
rebate(-1/5),BTC-USD,live_calm_deep,passive,8,-0.258471,0.879511,0.0810969,1.17587
rebate(-1/5),BTC-USD,live_calm_thin,aggressive,22,5.70253,0.134019,5.70253,0.134019
rebate(-1/5),BTC-USD,live_calm_thin,hybrid,22,0.467829,1.42362,0.467829,1.42362
rebate(-1/5),BTC-USD,live_calm_thin,passive,22,-0.122181,0.796968,-0.122181,0.796968
rebate(-1/5),BTC-USD,live_volatile_deep,aggressive,22,5.75671,0.127389,5.75671,0.127389
rebate(-1/5),BTC-USD,live_volatile_deep,hybrid,22,-0.314651,0.525457,-0.314651,0.525457
rebate(-1/5),BTC-USD,live_volatile_deep,passive,22,-0.314651,0.525457,-0.314651,0.525457
rebate(-1/5),BTC-USD,live_volatile_thin,aggressive,6,5.71551,0.186876,5.71551,0.186876
rebate(-1/5),BTC-USD,live_volatile_thin,hybrid,6,-0.561421,0.936638,-0.561421,0.936638
rebate(-1/5),BTC-USD,live_volatile_thin,passive,6,-0.561421,0.936638,-0.561421,0.936638
rebate(-1/5),BTC-USD,volatile_deep,aggressive,120,5.30534,0.0323622,5.30534,0.0323622
rebate(-1/5),BTC-USD,volatile_deep,hybrid,120,-0.169809,0.418115,-0.169809,0.418115
rebate(-1/5),BTC-USD,volatile_deep,hybrid|prints-only,120,1.72262,2.15669,1.72262,2.15669
rebate(-1/5),BTC-USD,volatile_deep,passive,120,-0.169809,0.418115,-0.169809,0.418115
rebate(-1/5),BTC-USD,volatile_deep,passive|prints-only,120,0.747358,2.08925,1.04537,2.0991
rebate(-1/5),BTC-USD,volatile_thin,aggressive,120,8.04101,0.179209,8.04101,0.179209
rebate(-1/5),BTC-USD,volatile_thin,hybrid,120,0.732631,1.89086,0.732631,1.89086
rebate(-1/5),BTC-USD,volatile_thin,hybrid|prints-only,120,1.52846,2.12975,1.52846,2.12975
rebate(-1/5),BTC-USD,volatile_thin,passive,120,-0.518597,1.90732,0.00682868,1.97832
rebate(-1/5),BTC-USD,volatile_thin,passive|prints-only,120,-1.32362,2.24099,0.362461,2.30413
rebate(-1/5),ETH-USD,calm_deep,aggressive,120,5.37663,0.0249603,5.37663,0.0249603
rebate(-1/5),ETH-USD,calm_deep,hybrid,120,-0.568953,0.177333,-0.568953,0.177333
rebate(-1/5),ETH-USD,calm_deep,hybrid|prints-only,120,4.06464,0.831831,4.06464,0.831831
rebate(-1/5),ETH-USD,calm_deep,passive,120,-0.568953,0.177333,-0.568953,0.177333
rebate(-1/5),ETH-USD,calm_deep,passive|prints-only,120,-0.145598,0.936203,3.58611,0.9987
rebate(-1/5),ETH-USD,calm_thin,aggressive,120,8.21199,0.0904481,8.21199,0.0904481
rebate(-1/5),ETH-USD,calm_thin,hybrid,120,5.89425,0.76464,5.89425,0.76464
rebate(-1/5),ETH-USD,calm_thin,hybrid|prints-only,120,5.89425,0.76464,5.89425,0.76464
rebate(-1/5),ETH-USD,calm_thin,passive,120,-0.399502,0.75686,5.1957,0.883704
rebate(-1/5),ETH-USD,calm_thin,passive|prints-only,120,-0.399502,0.75686,5.1957,0.883704
rebate(-1/5),ETH-USD,live_calm_deep,aggressive,16,6.1845,0.109636,6.1845,0.109636
rebate(-1/5),ETH-USD,live_calm_deep,hybrid,16,0.461427,1.96571,0.461427,1.96571
rebate(-1/5),ETH-USD,live_calm_deep,passive,16,0.0802807,1.58924,0.0802807,1.58924
rebate(-1/5),ETH-USD,live_calm_thin,aggressive,14,6.31672,0.143141,6.31672,0.143141
rebate(-1/5),ETH-USD,live_calm_thin,hybrid,14,-0.123105,0.682958,-0.123105,0.682958
rebate(-1/5),ETH-USD,live_calm_thin,passive,14,-0.123105,0.682958,-0.123105,0.682958
rebate(-1/5),ETH-USD,live_volatile_deep,aggressive,14,6.17787,0.15487,6.17787,0.15487
rebate(-1/5),ETH-USD,live_volatile_deep,hybrid,14,0.260078,1.64395,0.260078,1.64395
rebate(-1/5),ETH-USD,live_volatile_deep,passive,14,-0.171436,1.20403,-0.171436,1.20403
rebate(-1/5),ETH-USD,live_volatile_thin,aggressive,14,6.1795,0.131123,6.1795,0.131123
rebate(-1/5),ETH-USD,live_volatile_thin,hybrid,14,-0.206353,0.838803,-0.206353,0.838803
rebate(-1/5),ETH-USD,live_volatile_thin,passive,14,-0.206353,0.838803,-0.206353,0.838803
rebate(-1/5),ETH-USD,volatile_deep,aggressive,120,5.65973,0.0651051,5.65973,0.0651051
rebate(-1/5),ETH-USD,volatile_deep,hybrid,120,0.353915,0.504986,0.353915,0.504986
rebate(-1/5),ETH-USD,volatile_deep,hybrid|prints-only,120,3.25639,3.26609,3.25639,3.26609
rebate(-1/5),ETH-USD,volatile_deep,passive,120,0.353915,0.504986,0.353915,0.504986
rebate(-1/5),ETH-USD,volatile_deep,passive|prints-only,120,0.752163,3.39927,2.33945,3.43203
rebate(-1/5),ETH-USD,volatile_thin,aggressive,120,9.78683,0.303083,9.78683,0.303083
rebate(-1/5),ETH-USD,volatile_thin,hybrid,120,4.15787,2.82337,4.15787,2.82337
rebate(-1/5),ETH-USD,volatile_thin,hybrid|prints-only,120,5.65828,3.03611,5.65828,3.03611
rebate(-1/5),ETH-USD,volatile_thin,passive,120,-0.0282616,2.7754,2.18261,2.91663
rebate(-1/5),ETH-USD,volatile_thin,passive|prints-only,120,-1.04779,3.34178,3.93279,3.38054
retail(40/60),BTC-USD,calm_deep,aggressive,120,60.1659,0.0190486,60.1659,0.0190486
retail(40/60),BTC-USD,calm_deep,hybrid,120,40.2335,0.0869295,40.2335,0.0869295
retail(40/60),BTC-USD,calm_deep,hybrid|prints-only,120,50.8004,1.37343,50.8004,1.37343
retail(40/60),BTC-USD,calm_deep,passive,120,40.2335,0.0869295,40.2335,0.0869295
retail(40/60),BTC-USD,calm_deep,passive|prints-only,120,24.5,2.42101,48.3436,1.30992
retail(40/60),BTC-USD,calm_thin,aggressive,120,62.027,0.0611235,62.027,0.0611235
retail(40/60),BTC-USD,calm_thin,hybrid,120,54.2625,1.30194,54.2625,1.30194
retail(40/60),BTC-USD,calm_thin,hybrid|prints-only,120,54.2625,1.30194,54.2625,1.30194
retail(40/60),BTC-USD,calm_thin,passive,120,17.2152,1.99489,51.5258,1.41747
retail(40/60),BTC-USD,calm_thin,passive|prints-only,120,17.2152,1.99489,51.5258,1.41747
retail(40/60),BTC-USD,live_calm_deep,aggressive,8,60.6438,0.221088,60.6438,0.221088
retail(40/60),BTC-USD,live_calm_deep,hybrid,8,41.9451,2.63326,41.9451,2.63326
retail(40/60),BTC-USD,live_calm_deep,passive,8,38.1847,4.96027,41.9519,2.64597
retail(40/60),BTC-USD,live_calm_thin,aggressive,22,60.7026,0.134148,60.7026,0.134148
retail(40/60),BTC-USD,live_calm_thin,hybrid,22,42.7315,3.06558,42.7315,3.06558
retail(40/60),BTC-USD,live_calm_thin,passive,22,40.8785,0.795652,40.8785,0.795653
retail(40/60),BTC-USD,live_volatile_deep,aggressive,22,60.7558,0.12653,60.7558,0.12653
retail(40/60),BTC-USD,live_volatile_deep,hybrid,22,40.6851,0.52505,40.6851,0.52505
retail(40/60),BTC-USD,live_volatile_deep,passive,22,40.6851,0.52505,40.6851,0.52505
retail(40/60),BTC-USD,live_volatile_thin,aggressive,6,60.7156,0.187378,60.7156,0.187378
retail(40/60),BTC-USD,live_volatile_thin,hybrid,6,40.4424,0.938547,40.4424,0.938547
retail(40/60),BTC-USD,live_volatile_thin,passive,6,40.4424,0.938547,40.4424,0.938547
retail(40/60),BTC-USD,volatile_deep,aggressive,120,60.3053,0.0323377,60.3053,0.0323377
retail(40/60),BTC-USD,volatile_deep,hybrid,120,40.8288,0.416906,40.8288,0.416906
retail(40/60),BTC-USD,volatile_deep,hybrid|prints-only,120,45.3398,2.37078,45.3398,2.37078
retail(40/60),BTC-USD,volatile_deep,passive,120,40.8288,0.416906,40.8288,0.416906
retail(40/60),BTC-USD,volatile_deep,passive|prints-only,120,39.4031,2.25615,42.8513,2.15958
retail(40/60),BTC-USD,volatile_thin,aggressive,120,63.0407,0.179006,63.0407,0.179006
retail(40/60),BTC-USD,volatile_thin,hybrid,120,44.6584,2.17159,44.6584,2.17159
retail(40/60),BTC-USD,volatile_thin,hybrid|prints-only,120,48.0487,2.46346,48.0487,2.46346
retail(40/60),BTC-USD,volatile_thin,passive,120,37.4749,1.8692,42.0445,2.16142
retail(40/60),BTC-USD,volatile_thin,passive|prints-only,120,30.3313,2.70699,44.5684,2.55614
retail(40/60),ETH-USD,calm_deep,aggressive,120,60.3767,0.0250262,60.3767,0.0250262
retail(40/60),ETH-USD,calm_deep,hybrid,120,40.4309,0.177376,40.4309,0.177376
retail(40/60),ETH-USD,calm_deep,hybrid|prints-only,120,56.0081,1.16802,56.0081,1.16802
retail(40/60),ETH-USD,calm_deep,passive,120,40.4309,0.177376,40.4309,0.177376
retail(40/60),ETH-USD,calm_deep,passive|prints-only,120,12.1922,1.69069,54.3759,1.31006
retail(40/60),ETH-USD,calm_thin,aggressive,120,63.2121,0.0907824,63.2121,0.0907824
retail(40/60),ETH-USD,calm_thin,hybrid,120,58.182,1.07423,58.182,1.07423
retail(40/60),ETH-USD,calm_thin,hybrid|prints-only,120,58.182,1.07423,58.182,1.07423
retail(40/60),ETH-USD,calm_thin,passive,120,10.5405,1.51031,56.4615,1.26574
retail(40/60),ETH-USD,calm_thin,passive|prints-only,120,10.5405,1.51031,56.4615,1.26574
retail(40/60),ETH-USD,live_calm_deep,aggressive,16,61.1842,0.108877,61.1842,0.108877
retail(40/60),ETH-USD,live_calm_deep,hybrid,16,42.3251,3.01838,42.3251,3.01838
retail(40/60),ETH-USD,live_calm_deep,passive,16,41.0784,1.58429,41.0784,1.58429
retail(40/60),ETH-USD,live_calm_thin,aggressive,14,61.3176,0.145355,61.3176,0.145355
retail(40/60),ETH-USD,live_calm_thin,hybrid,14,40.8782,0.683469,40.8782,0.683469
retail(40/60),ETH-USD,live_calm_thin,passive,14,40.8782,0.683469,40.8782,0.683469
retail(40/60),ETH-USD,live_volatile_deep,aggressive,14,61.1776,0.154208,61.1776,0.154208
retail(40/60),ETH-USD,live_volatile_deep,hybrid,14,42.0578,2.96739,42.0578,2.96739
retail(40/60),ETH-USD,live_volatile_deep,passive,14,40.8255,1.20106,40.8255,1.20106
retail(40/60),ETH-USD,live_volatile_thin,aggressive,14,61.1795,0.131259,61.1795,0.131259
retail(40/60),ETH-USD,live_volatile_thin,hybrid,14,40.7949,0.839965,40.7949,0.839965
retail(40/60),ETH-USD,live_volatile_thin,passive,14,40.7949,0.839965,40.7949,0.839965
retail(40/60),ETH-USD,volatile_deep,aggressive,120,60.6597,0.0650739,60.6597,0.0650739
retail(40/60),ETH-USD,volatile_deep,hybrid,120,41.3536,0.50437,41.3536,0.50437
retail(40/60),ETH-USD,volatile_deep,hybrid|prints-only,120,51.1441,3.5015,51.1441,3.5015
retail(40/60),ETH-USD,volatile_deep,passive,120,41.3536,0.50437,41.3536,0.50437
retail(40/60),ETH-USD,volatile_deep,passive|prints-only,120,29.5843,3.71323,47.4741,3.59009
retail(40/60),ETH-USD,volatile_thin,aggressive,120,64.7865,0.303464,64.7865,0.303464
retail(40/60),ETH-USD,volatile_thin,hybrid,120,51.7555,3.15393,51.7555,3.15393
retail(40/60),ETH-USD,volatile_thin,hybrid|prints-only,120,56.1743,3.18338,56.1743,3.18338
retail(40/60),ETH-USD,volatile_thin,passive,120,30.2897,2.7755,46.7929,3.22876
retail(40/60),ETH-USD,volatile_thin,passive|prints-only,120,17.4929,3.66107,52.5596,3.54578
tier_100k(10/20),BTC-USD,calm_deep,aggressive,120,20.1658,0.0190318,20.1658,0.0190318
tier_100k(10/20),BTC-USD,calm_deep,hybrid,120,10.2337,0.0870373,10.2337,0.0870373
tier_100k(10/20),BTC-USD,calm_deep,hybrid|prints-only,120,15.5432,0.861174,15.5432,0.861174
tier_100k(10/20),BTC-USD,calm_deep,passive,120,10.2337,0.0870373,10.2337,0.0870373
tier_100k(10/20),BTC-USD,calm_deep,passive|prints-only,120,6.39394,0.814366,14.3766,0.817588
tier_100k(10/20),BTC-USD,calm_thin,aggressive,120,22.0272,0.061332,22.0272,0.061332
tier_100k(10/20),BTC-USD,calm_thin,hybrid,120,17.534,0.923424,17.534,0.923424
tier_100k(10/20),BTC-USD,calm_thin,hybrid|prints-only,120,17.534,0.923424,17.534,0.923424
tier_100k(10/20),BTC-USD,calm_thin,passive,120,3.90066,0.772305,15.9619,1.00563
tier_100k(10/20),BTC-USD,calm_thin,passive|prints-only,120,3.90066,0.772305,15.9619,1.00563
tier_100k(10/20),BTC-USD,live_calm_deep,aggressive,8,20.6449,0.222868,20.6449,0.222868
tier_100k(10/20),BTC-USD,live_calm_deep,hybrid,8,11.323,1.53535,11.323,1.53535
tier_100k(10/20),BTC-USD,live_calm_deep,passive,8,10.0555,1.49739,11.3299,1.5465
tier_100k(10/20),BTC-USD,live_calm_thin,aggressive,22,20.7025,0.134051,20.7025,0.134051
tier_100k(10/20),BTC-USD,live_calm_thin,hybrid,22,11.8289,1.88127,11.8289,1.88127
tier_100k(10/20),BTC-USD,live_calm_thin,passive,22,10.878,0.796613,10.878,0.796613
tier_100k(10/20),BTC-USD,live_volatile_deep,aggressive,22,20.7565,0.127153,20.7565,0.127153
tier_100k(10/20),BTC-USD,live_volatile_deep,hybrid,22,10.6853,0.525346,10.6853,0.525346
tier_100k(10/20),BTC-USD,live_volatile_deep,passive,22,10.6853,0.525346,10.6853,0.525346
tier_100k(10/20),BTC-USD,live_volatile_thin,aggressive,6,20.7155,0.187006,20.7155,0.187006
tier_100k(10/20),BTC-USD,live_volatile_thin,hybrid,6,10.4396,0.93715,10.4396,0.93715
tier_100k(10/20),BTC-USD,live_volatile_thin,passive,6,10.4396,0.93715,10.4396,0.93715
tier_100k(10/20),BTC-USD,volatile_deep,aggressive,120,20.3053,0.0323552,20.3053,0.0323552
tier_100k(10/20),BTC-USD,volatile_deep,hybrid,120,10.8298,0.41779,10.8298,0.41779
tier_100k(10/20),BTC-USD,volatile_deep,hybrid|prints-only,120,13.4703,2.20415,13.4703,2.20415
tier_100k(10/20),BTC-USD,volatile_deep,passive,120,10.8298,0.41779,10.8298,0.41779
tier_100k(10/20),BTC-USD,volatile_deep,passive|prints-only,120,11.1184,2.09275,12.2756,2.11141
tier_100k(10/20),BTC-USD,volatile_thin,aggressive,120,23.0409,0.179148,23.0409,0.179148
tier_100k(10/20),BTC-USD,volatile_thin,hybrid,120,12.5684,1.95482,12.5684,1.95482
tier_100k(10/20),BTC-USD,volatile_thin,hybrid|prints-only,120,14.1055,2.20392,14.1055,2.20392
tier_100k(10/20),BTC-USD,volatile_thin,passive,120,9.67477,1.83354,11.3031,2.02517
tier_100k(10/20),BTC-USD,volatile_thin,passive|prints-only,120,7.16915,2.22873,12.2783,2.36156
tier_100k(10/20),ETH-USD,calm_deep,aggressive,120,20.3767,0.0249777,20.3767,0.0249777
tier_100k(10/20),ETH-USD,calm_deep,hybrid,120,10.431,0.177345,10.431,0.177345
tier_100k(10/20),ETH-USD,calm_deep,hybrid|prints-only,120,18.1913,0.910157,18.1913,0.910157
tier_100k(10/20),ETH-USD,calm_deep,passive,120,10.431,0.177345,10.431,0.177345
tier_100k(10/20),ETH-USD,calm_deep,passive|prints-only,120,3.16453,0.95359,17.3832,1.06876
tier_100k(10/20),ETH-USD,calm_thin,aggressive,120,23.212,0.0905281,23.212,0.0905281
tier_100k(10/20),ETH-USD,calm_thin,hybrid,120,20.1193,0.841063,20.1193,0.841063
tier_100k(10/20),ETH-USD,calm_thin,hybrid|prints-only,120,20.1193,0.841063,20.1193,0.841063
tier_100k(10/20),ETH-USD,calm_thin,passive,120,2.53561,0.751315,19.1288,0.979316
tier_100k(10/20),ETH-USD,calm_thin,passive|prints-only,120,2.53561,0.751315,19.1288,0.979316
tier_100k(10/20),ETH-USD,live_calm_deep,aggressive,16,21.1844,0.109419,21.1844,0.109419
tier_100k(10/20),ETH-USD,live_calm_deep,hybrid,16,11.7082,2.24384,11.7082,2.24384
tier_100k(10/20),ETH-USD,live_calm_deep,passive,16,11.0798,1.58791,11.0798,1.58791
tier_100k(10/20),ETH-USD,live_calm_thin,aggressive,14,21.317,0.143737,21.317,0.143737
tier_100k(10/20),ETH-USD,live_calm_thin,hybrid,14,10.8772,0.683094,10.8772,0.683094
tier_100k(10/20),ETH-USD,live_calm_thin,passive,14,10.8772,0.683094,10.8772,0.683094
tier_100k(10/20),ETH-USD,live_volatile_deep,aggressive,14,21.1778,0.154682,21.1778,0.154682
tier_100k(10/20),ETH-USD,live_volatile_deep,hybrid,14,11.4881,1.98608,11.4881,1.98608
tier_100k(10/20),ETH-USD,live_volatile_deep,passive,14,10.8277,1.20323,10.8277,1.20323
tier_100k(10/20),ETH-USD,live_volatile_thin,aggressive,14,21.1795,0.13115,21.1795,0.13115
tier_100k(10/20),ETH-USD,live_volatile_thin,hybrid,14,10.794,0.839113,10.794,0.839113
tier_100k(10/20),ETH-USD,live_volatile_thin,passive,14,10.794,0.839113,10.794,0.839113
tier_100k(10/20),ETH-USD,volatile_deep,aggressive,120,20.6597,0.0650957,20.6597,0.0650957
tier_100k(10/20),ETH-USD,volatile_deep,hybrid,120,11.3538,0.50482,11.3538,0.50482
tier_100k(10/20),ETH-USD,volatile_deep,hybrid|prints-only,120,16.2246,3.32048,16.2246,3.32048
tier_100k(10/20),ETH-USD,volatile_deep,passive,120,11.3538,0.50482,11.3538,0.50482
tier_100k(10/20),ETH-USD,volatile_deep,passive|prints-only,120,8.48762,3.38724,14.521,3.46609
tier_100k(10/20),ETH-USD,volatile_thin,aggressive,120,24.7867,0.303179,24.7867,0.303179
tier_100k(10/20),ETH-USD,volatile_thin,hybrid,120,17.0434,2.90698,17.0434,2.90698
tier_100k(10/20),ETH-USD,volatile_thin,hybrid|prints-only,120,19.3777,3.06748,19.3777,3.06748
tier_100k(10/20),ETH-USD,volatile_thin,passive,120,8.10582,2.65948,14.2146,2.99656
tier_100k(10/20),ETH-USD,volatile_thin,passive|prints-only,120,3.92655,3.34079,17.1124,3.41792
tier_1m(8/18),BTC-USD,calm_deep,aggressive,120,18.1658,0.019031,18.1658,0.019031
tier_1m(8/18),BTC-USD,calm_deep,hybrid,120,8.23376,0.0870445,8.23376,0.0870445
tier_1m(8/18),BTC-USD,calm_deep,hybrid|prints-only,120,13.5431,0.861164,13.5431,0.861164
tier_1m(8/18),BTC-USD,calm_deep,passive,120,8.23376,0.0870445,8.23376,0.0870445
tier_1m(8/18),BTC-USD,calm_deep,passive|prints-only,120,5.18686,0.733579,12.3765,0.817575
tier_1m(8/18),BTC-USD,calm_thin,aggressive,120,20.0272,0.0613434,20.0272,0.0613434
tier_1m(8/18),BTC-USD,calm_thin,hybrid,120,15.5339,0.923424,15.5339,0.923424
tier_1m(8/18),BTC-USD,calm_thin,hybrid|prints-only,120,15.5339,0.923424,15.5339,0.923424
tier_1m(8/18),BTC-USD,calm_thin,passive,120,3.01302,0.730393,13.9618,1.00563
tier_1m(8/18),BTC-USD,calm_thin,passive|prints-only,120,3.01302,0.730393,13.9618,1.00563
tier_1m(8/18),BTC-USD,live_calm_deep,aggressive,8,18.6449,0.222957,18.6449,0.222957
tier_1m(8/18),BTC-USD,live_calm_deep,hybrid,8,9.32312,1.53547,9.32312,1.53547
tier_1m(8/18),BTC-USD,live_calm_deep,passive,8,8.18027,1.30634,9.33002,1.54662
tier_1m(8/18),BTC-USD,live_calm_thin,aggressive,22,18.7025,0.134047,18.7025,0.134047
tier_1m(8/18),BTC-USD,live_calm_thin,hybrid,22,9.82885,1.8814,9.82885,1.8814
tier_1m(8/18),BTC-USD,live_calm_thin,passive,22,8.87796,0.796678,8.87796,0.796678
tier_1m(8/18),BTC-USD,live_volatile_deep,aggressive,22,18.7565,0.127184,18.7565,0.127184
tier_1m(8/18),BTC-USD,live_volatile_deep,hybrid,22,8.68528,0.525366,8.68528,0.525366
tier_1m(8/18),BTC-USD,live_volatile_deep,passive,22,8.68528,0.525366,8.68528,0.525366
tier_1m(8/18),BTC-USD,live_volatile_thin,aggressive,6,18.7155,0.186988,18.7155,0.186988
tier_1m(8/18),BTC-USD,live_volatile_thin,hybrid,6,8.43941,0.937057,8.43941,0.937057
tier_1m(8/18),BTC-USD,live_volatile_thin,passive,6,8.43941,0.937057,8.43941,0.937057
tier_1m(8/18),BTC-USD,volatile_deep,aggressive,120,18.3053,0.0323561,18.3053,0.0323561
tier_1m(8/18),BTC-USD,volatile_deep,hybrid,120,8.8299,0.417849,8.8299,0.417849
tier_1m(8/18),BTC-USD,volatile_deep,hybrid|prints-only,120,11.4702,2.20411,11.4702,2.20411
tier_1m(8/18),BTC-USD,volatile_deep,passive,120,8.8299,0.417849,8.8299,0.417849
tier_1m(8/18),BTC-USD,volatile_deep,passive|prints-only,120,9.23276,2.08977,10.2754,2.11136
tier_1m(8/18),BTC-USD,volatile_thin,aggressive,120,21.0409,0.179156,21.0409,0.179156
tier_1m(8/18),BTC-USD,volatile_thin,hybrid,120,10.568,1.95478,10.568,1.95478
tier_1m(8/18),BTC-USD,volatile_thin,hybrid|prints-only,120,12.105,2.20386,12.105,2.20386
tier_1m(8/18),BTC-USD,volatile_thin,passive,120,7.82143,1.84366,9.30275,2.02511
tier_1m(8/18),BTC-USD,volatile_thin,passive|prints-only,120,5.62501,2.22272,10.2777,2.36149
tier_1m(8/18),ETH-USD,calm_deep,aggressive,120,18.3767,0.0249753,18.3767,0.0249753
tier_1m(8/18),ETH-USD,calm_deep,hybrid,120,8.43102,0.177343,8.43102,0.177343
tier_1m(8/18),ETH-USD,calm_deep,hybrid|prints-only,120,16.1912,0.910155,16.1912,0.910155
tier_1m(8/18),ETH-USD,calm_deep,passive,120,8.43102,0.177343,8.43102,0.177343
tier_1m(8/18),ETH-USD,calm_deep,passive|prints-only,120,2.56269,0.936027,15.3831,1.06876
tier_1m(8/18),ETH-USD,calm_thin,aggressive,120,21.212,0.0905169,21.212,0.0905169
tier_1m(8/18),ETH-USD,calm_thin,hybrid,120,18.1193,0.841072,18.1193,0.841072
tier_1m(8/18),ETH-USD,calm_thin,hybrid|prints-only,120,18.1193,0.841072,18.1193,0.841072
tier_1m(8/18),ETH-USD,calm_thin,passive,120,2.00196,0.735214,17.1287,0.979318
tier_1m(8/18),ETH-USD,calm_thin,passive|prints-only,120,2.00196,0.735214,17.1287,0.979318
tier_1m(8/18),ETH-USD,live_calm_deep,aggressive,16,19.1844,0.109448,19.1844,0.109448
tier_1m(8/18),ETH-USD,live_calm_deep,hybrid,16,9.70831,2.2441,9.70831,2.2441
tier_1m(8/18),ETH-USD,live_calm_deep,passive,16,9.07988,1.58815,9.07988,1.58815
tier_1m(8/18),ETH-USD,live_calm_thin,aggressive,14,19.3169,0.143657,19.3169,0.143657
tier_1m(8/18),ETH-USD,live_calm_thin,hybrid,14,8.87718,0.683069,8.87718,0.683069
tier_1m(8/18),ETH-USD,live_calm_thin,passive,14,8.87718,0.683069,8.87718,0.683069
tier_1m(8/18),ETH-USD,live_volatile_deep,aggressive,14,19.1778,0.154706,19.1778,0.154706
tier_1m(8/18),ETH-USD,live_volatile_deep,hybrid,14,9.48823,1.98623,9.48823,1.98623
tier_1m(8/18),ETH-USD,live_volatile_deep,passive,14,8.82788,1.20338,8.82788,1.20338
tier_1m(8/18),ETH-USD,live_volatile_thin,aggressive,14,19.1795,0.131146,19.1795,0.131146
tier_1m(8/18),ETH-USD,live_volatile_thin,hybrid,14,8.79392,0.839057,8.79392,0.839057
tier_1m(8/18),ETH-USD,live_volatile_thin,passive,14,8.79392,0.839057,8.79392,0.839057
tier_1m(8/18),ETH-USD,volatile_deep,aggressive,120,18.6597,0.065097,18.6597,0.065097
tier_1m(8/18),ETH-USD,volatile_deep,hybrid,120,9.35385,0.50485,9.35385,0.50485
tier_1m(8/18),ETH-USD,volatile_deep,hybrid|prints-only,120,14.2254,3.32063,14.2254,3.32063
tier_1m(8/18),ETH-USD,volatile_deep,passive,120,9.35385,0.50485,9.35385,0.50485
tier_1m(8/18),ETH-USD,volatile_deep,passive|prints-only,120,7.08117,3.38395,12.5218,3.46623
tier_1m(8/18),ETH-USD,volatile_thin,aggressive,120,22.7867,0.303166,22.7867,0.303166
tier_1m(8/18),ETH-USD,volatile_thin,hybrid,120,15.0448,2.90711,15.0448,2.90711
tier_1m(8/18),ETH-USD,volatile_thin,hybrid|prints-only,120,17.3793,3.06754,17.3793,3.06754
tier_1m(8/18),ETH-USD,volatile_thin,passive,120,6.6269,2.67451,12.216,2.99667
tier_1m(8/18),ETH-USD,volatile_thin,passive|prints-only,120,3.02213,3.33601,15.114,3.41796
tier_75m(3/12),BTC-USD,calm_deep,aggressive,120,12.1658,0.0190286,12.1658,0.0190286
tier_75m(3/12),BTC-USD,calm_deep,hybrid,120,3.2338,0.0870625,3.2338,0.0870625
tier_75m(3/12),BTC-USD,calm_deep,hybrid|prints-only,120,8.01734,0.816029,8.01734,0.816029
tier_75m(3/12),BTC-USD,calm_deep,passive,120,3.2338,0.0870625,3.2338,0.0870625
tier_75m(3/12),BTC-USD,calm_deep,passive|prints-only,120,2.16918,0.58875,6.97965,0.775728
tier_75m(3/12),BTC-USD,calm_thin,aggressive,120,14.0272,0.0613779,14.0272,0.0613779
tier_75m(3/12),BTC-USD,calm_thin,hybrid,120,9.86092,0.890317,9.86092,0.890317
tier_75m(3/12),BTC-USD,calm_thin,hybrid|prints-only,120,9.86092,0.890317,9.86092,0.890317
tier_75m(3/12),BTC-USD,calm_thin,passive,120,0.79393,0.681853,8.40533,0.969253
tier_75m(3/12),BTC-USD,calm_thin,passive|prints-only,120,0.79393,0.681853,8.40533,0.969253
tier_75m(3/12),BTC-USD,live_calm_deep,aggressive,8,12.6451,0.223224,12.6451,0.223224
tier_75m(3/12),BTC-USD,live_calm_deep,hybrid,8,4.261,1.43679,4.261,1.43679
tier_75m(3/12),BTC-USD,live_calm_deep,passive,8,3.49208,0.943247,4.2679,1.44757
tier_75m(3/12),BTC-USD,live_calm_thin,aggressive,22,12.7025,0.134034,12.7025,0.134034
tier_75m(3/12),BTC-USD,live_calm_thin,hybrid,22,4.73857,1.76563,4.73857,1.76563
tier_75m(3/12),BTC-USD,live_calm_thin,passive,22,3.87788,0.796839,3.87788,0.796839
tier_75m(3/12),BTC-USD,live_volatile_deep,aggressive,22,12.7566,0.127278,12.7566,0.127278
tier_75m(3/12),BTC-USD,live_volatile_deep,hybrid,22,3.68532,0.525417,3.68532,0.525417
tier_75m(3/12),BTC-USD,live_volatile_deep,passive,22,3.68532,0.525417,3.68532,0.525417
tier_75m(3/12),BTC-USD,live_volatile_thin,aggressive,6,12.7155,0.186936,12.7155,0.186936
tier_75m(3/12),BTC-USD,live_volatile_thin,hybrid,6,3.43895,0.936824,3.43895,0.936824
tier_75m(3/12),BTC-USD,live_volatile_thin,passive,6,3.43895,0.936824,3.43895,0.936824
tier_75m(3/12),BTC-USD,volatile_deep,aggressive,120,12.3053,0.0323589,12.3053,0.0323589
tier_75m(3/12),BTC-USD,volatile_deep,hybrid,120,3.83006,0.417997,3.83006,0.417997
tier_75m(3/12),BTC-USD,volatile_deep,hybrid|prints-only,120,6.28307,2.19111,6.28307,2.19111
tier_75m(3/12),BTC-USD,volatile_deep,passive,120,3.83006,0.417997,3.83006,0.417997
tier_75m(3/12),BTC-USD,volatile_deep,passive|prints-only,120,4.51865,2.08687,5.21759,2.10785
tier_75m(3/12),BTC-USD,volatile_thin,aggressive,120,15.041,0.17918,15.041,0.17918
tier_75m(3/12),BTC-USD,volatile_thin,hybrid,120,5.35865,1.93741,5.35865,1.93741
tier_75m(3/12),BTC-USD,volatile_thin,hybrid|prints-only,120,6.7101,2.18348,6.7101,2.18348
tier_75m(3/12),BTC-USD,volatile_thin,passive,120,3.18808,1.87546,4.22822,2.01289
tier_75m(3/12),BTC-USD,volatile_thin,passive|prints-only,120,1.76466,2.22373,5.04815,2.34588
tier_75m(3/12),ETH-USD,calm_deep,aggressive,120,12.3766,0.0249684,12.3766,0.0249684
tier_75m(3/12),ETH-USD,calm_deep,hybrid,120,3.43103,0.177337,3.43103,0.177337
tier_75m(3/12),ETH-USD,calm_deep,hybrid|prints-only,120,10.4094,0.888872,10.4094,0.888872
tier_75m(3/12),ETH-USD,calm_deep,passive,120,3.43103,0.177337,3.43103,0.177337
tier_75m(3/12),ETH-USD,calm_deep,passive|prints-only,120,1.05809,0.919834,9.68369,1.04952
tier_75m(3/12),ETH-USD,calm_thin,aggressive,120,15.212,0.0904843,15.212,0.0904843
tier_75m(3/12),ETH-USD,calm_thin,hybrid,120,12.313,0.820818,12.313,0.820818
tier_75m(3/12),ETH-USD,calm_thin,hybrid|prints-only,120,12.313,0.820818,12.313,0.820818
tier_75m(3/12),ETH-USD,calm_thin,passive,120,0.667813,0.728148,11.3954,0.954096
tier_75m(3/12),ETH-USD,calm_thin,passive|prints-only,120,0.667813,0.728148,11.3954,0.954096
tier_75m(3/12),ETH-USD,live_calm_deep,aggressive,16,13.1845,0.109534,13.1845,0.109534
tier_75m(3/12),ETH-USD,live_calm_deep,hybrid,16,4.64672,2.17252,4.64672,2.17252
tier_75m(3/12),ETH-USD,live_calm_deep,passive,16,4.0801,1.58876,4.0801,1.58876
tier_75m(3/12),ETH-USD,live_calm_thin,aggressive,14,13.3168,0.143419,13.3168,0.143419
tier_75m(3/12),ETH-USD,live_calm_thin,hybrid,14,3.87702,0.683007,3.87702,0.683007
tier_75m(3/12),ETH-USD,live_calm_thin,passive,14,3.87702,0.683007,3.87702,0.683007
tier_75m(3/12),ETH-USD,live_volatile_deep,aggressive,14,13.1778,0.154782,13.1778,0.154782
tier_75m(3/12),ETH-USD,live_volatile_deep,hybrid,14,4.43142,1.89675,4.43142,1.89675
tier_75m(3/12),ETH-USD,live_volatile_deep,passive,14,3.82826,1.20374,3.82826,1.20374
tier_75m(3/12),ETH-USD,live_volatile_thin,aggressive,14,13.1795,0.131135,13.1795,0.131135
tier_75m(3/12),ETH-USD,live_volatile_thin,hybrid,14,3.79377,0.838916,3.79377,0.838916
tier_75m(3/12),ETH-USD,live_volatile_thin,passive,14,3.79377,0.838916,3.79377,0.838916
tier_75m(3/12),ETH-USD,volatile_deep,aggressive,120,12.6597,0.0651007,12.6597,0.0651007
tier_75m(3/12),ETH-USD,volatile_deep,hybrid,120,4.35389,0.504925,4.35389,0.504925
tier_75m(3/12),ETH-USD,volatile_deep,hybrid|prints-only,120,8.73425,3.30618,8.73425,3.30618
tier_75m(3/12),ETH-USD,volatile_deep,passive,120,4.35389,0.504925,4.35389,0.504925
tier_75m(3/12),ETH-USD,volatile_deep,passive|prints-only,120,3.56505,3.38638,7.22721,3.45701
tier_75m(3/12),ETH-USD,volatile_thin,aggressive,120,16.7868,0.303127,16.7868,0.303127
tier_75m(3/12),ETH-USD,volatile_thin,hybrid,120,9.57494,2.88546,9.57494,2.88546
tier_75m(3/12),ETH-USD,volatile_thin,hybrid|prints-only,120,11.7012,3.05894,11.7012,3.05894
tier_75m(3/12),ETH-USD,volatile_thin,passive,120,2.92959,2.72402,6.95949,2.97605
tier_75m(3/12),ETH-USD,volatile_thin,passive|prints-only,120,0.761061,3.33371,9.57077,3.40789
top(0/5),BTC-USD,calm_deep,aggressive,120,5.16582,0.0190258,5.16582,0.0190258
top(0/5),BTC-USD,calm_deep,hybrid,120,0.233816,0.0870734,0.233816,0.0870734
top(0/5),BTC-USD,calm_deep,hybrid|prints-only,120,2.91483,0.658609,2.91483,0.658609
top(0/5),BTC-USD,calm_deep,passive,120,0.233816,0.0870734,0.233816,0.0870734
top(0/5),BTC-USD,calm_deep,passive|prints-only,120,0.358567,0.561049,2.39338,0.635971
top(0/5),BTC-USD,calm_thin,aggressive,120,7.02725,0.0614192,7.02725,0.0614192
top(0/5),BTC-USD,calm_thin,hybrid,120,4.16988,0.772299,4.16988,0.772299
top(0/5),BTC-USD,calm_thin,hybrid|prints-only,120,4.16988,0.772299,4.16988,0.772299
top(0/5),BTC-USD,calm_thin,passive,120,-0.537525,0.696243,3.18024,0.838354
top(0/5),BTC-USD,calm_thin,passive|prints-only,120,-0.537525,0.696243,3.18024,0.838354
top(0/5),BTC-USD,live_calm_deep,aggressive,8,5.64524,0.223536,5.64524,0.223536
top(0/5),BTC-USD,live_calm_deep,hybrid,8,1.01183,1.08923,1.01183,1.08923
top(0/5),BTC-USD,live_calm_deep,passive,8,0.679167,0.870524,1.01874,1.09741
top(0/5),BTC-USD,live_calm_thin,aggressive,22,5.70253,0.134019,5.70253,0.134019
top(0/5),BTC-USD,live_calm_thin,hybrid,22,1.37761,1.31235,1.37761,1.31235
top(0/5),BTC-USD,live_calm_thin,passive,22,0.877835,0.796935,0.877835,0.796935
top(0/5),BTC-USD,live_volatile_deep,aggressive,22,5.75671,0.127389,5.75671,0.127389
top(0/5),BTC-USD,live_volatile_deep,hybrid,22,0.685341,0.525447,0.685341,0.525447
top(0/5),BTC-USD,live_volatile_deep,passive,22,0.685341,0.525447,0.685341,0.525447
top(0/5),BTC-USD,live_volatile_thin,aggressive,6,5.71551,0.186876,5.71551,0.186876
top(0/5),BTC-USD,live_volatile_thin,hybrid,6,0.438671,0.936684,0.438672,0.936684
top(0/5),BTC-USD,live_volatile_thin,passive,6,0.438671,0.936684,0.438672,0.936684
top(0/5),BTC-USD,volatile_deep,aggressive,120,5.30534,0.0323622,5.30534,0.0323622
top(0/5),BTC-USD,volatile_deep,hybrid,120,0.830158,0.418086,0.830158,0.418086
top(0/5),BTC-USD,volatile_deep,hybrid|prints-only,120,2.53598,2.14678,2.53598,2.14678
top(0/5),BTC-USD,volatile_deep,passive,120,0.830158,0.418086,0.830158,0.418086
top(0/5),BTC-USD,volatile_deep,passive|prints-only,120,1.69018,2.08826,1.98819,2.09675
top(0/5),BTC-USD,volatile_thin,aggressive,120,8.04101,0.179209,8.04101,0.179209
top(0/5),BTC-USD,volatile_thin,hybrid,120,1.52442,1.87726,1.52442,1.87726
top(0/5),BTC-USD,volatile_thin,hybrid|prints-only,120,2.13521,2.11436,2.13521,2.11436
top(0/5),BTC-USD,volatile_thin,passive,120,0.408072,1.89884,0.933498,1.96747
top(0/5),BTC-USD,volatile_thin,passive|prints-only,120,-0.551552,2.23532,1.13453,2.29191
top(0/5),ETH-USD,calm_deep,aggressive,120,5.37663,0.0249603,5.37663,0.0249603
top(0/5),ETH-USD,calm_deep,hybrid,120,0.431043,0.177334,0.431043,0.177334
top(0/5),ETH-USD,calm_deep,hybrid|prints-only,120,4.28323,0.815347,4.28323,0.815347
top(0/5),ETH-USD,calm_deep,passive,120,0.431043,0.177334,0.431043,0.177334
top(0/5),ETH-USD,calm_deep,passive|prints-only,120,0.155323,0.929702,3.88704,0.984258
top(0/5),ETH-USD,calm_thin,aggressive,120,8.21199,0.0904481,8.21199,0.0904481
top(0/5),ETH-USD,calm_thin,hybrid,120,6.08801,0.747646,6.08801,0.747646
top(0/5),ETH-USD,calm_thin,hybrid|prints-only,120,6.08801,0.747646,6.08801,0.747646
top(0/5),ETH-USD,calm_thin,passive,120,-0.132673,0.74695,5.46253,0.862243
top(0/5),ETH-USD,calm_thin,passive|prints-only,120,-0.132673,0.74695,5.46253,0.862243
top(0/5),ETH-USD,live_calm_deep,aggressive,16,6.1845,0.109636,6.1845,0.109636
top(0/5),ETH-USD,live_calm_deep,hybrid,16,1.39956,1.90015,1.39956,1.90015
top(0/5),ETH-USD,live_calm_deep,passive,16,1.08024,1.58912,1.08024,1.58912
top(0/5),ETH-USD,live_calm_thin,aggressive,14,6.31672,0.143141,6.31672,0.143141
top(0/5),ETH-USD,live_calm_thin,hybrid,14,0.876926,0.682971,0.876926,0.682971
top(0/5),ETH-USD,live_calm_thin,passive,14,0.876926,0.682971,0.876926,0.682971
top(0/5),ETH-USD,live_volatile_deep,aggressive,14,6.17787,0.15487,6.17787,0.15487
top(0/5),ETH-USD,live_volatile_deep,hybrid,14,1.20276,1.56648,1.20276,1.56648
top(0/5),ETH-USD,live_volatile_deep,passive,14,0.828488,1.20396,0.828488,1.20396
top(0/5),ETH-USD,live_volatile_thin,aggressive,14,6.1795,0.131123,6.1795,0.131123
top(0/5),ETH-USD,live_volatile_thin,hybrid,14,0.793677,0.838831,0.793677,0.838831
top(0/5),ETH-USD,live_volatile_thin,passive,14,0.793677,0.838831,0.793677,0.838831
top(0/5),ETH-USD,volatile_deep,aggressive,120,5.65973,0.0651051,5.65973,0.0651051
top(0/5),ETH-USD,volatile_deep,hybrid,120,1.35391,0.504971,1.35391,0.504971
top(0/5),ETH-USD,volatile_deep,hybrid|prints-only,120,3.76284,3.25394,3.76284,3.25394
top(0/5),ETH-USD,volatile_deep,passive,120,1.35391,0.504971,1.35391,0.504971
top(0/5),ETH-USD,volatile_deep,passive|prints-only,120,1.45539,3.39514,3.04268,3.42471
top(0/5),ETH-USD,volatile_thin,aggressive,120,9.78683,0.303083,9.78683,0.303083
top(0/5),ETH-USD,volatile_thin,hybrid,120,4.68391,2.80376,4.68391,2.80376
top(0/5),ETH-USD,volatile_thin,hybrid|prints-only,120,5.97548,3.02955,5.97548,3.02955
top(0/5),ETH-USD,volatile_thin,passive,120,0.7112,2.76161,2.92207,2.89773
top(0/5),ETH-USD,volatile_thin,passive|prints-only,120,-0.595578,3.33894,4.385,3.37243
